anio,prov,nv,m20,edb,edns,bpn,pns,pret,gns,def,P,Q,R,J,AB,VY,OT,provincia,region,nbi_nombre,neo,posneo,nbi_hog_interp,nbi_pers_interp,TMI,TMN,TMPN,p_m20,p_edb,p_bpn,p_pret
2005,02,43633,2926,8712,329,3154,383,3182,365,351,166,96,4,58,12,4,11,CABA,Centro,Ciudad Autónoma de Buenos Aires,232,119,6.596666666666667,7.0265089556804785,8.044370086860862,5.317076524648775,2.727293562212087,6.7059335823803075,20.118233881396637,7.292485549132947,7.354164740685958
2005,06,262786,32722,107816,9455,19965,3194,21326,8539,3420,1636,839,234,313,138,100,160,Buenos Aires,Centro,Buenos Aires,2197,1223,10.823333333333334,11.285867387618662,13.014391938687753,8.360414938390935,4.653977000296819,12.451957105781892,42.55933936233623,7.6909149742673115,8.387906248647967
2005,10,7202,1370,2393,351,485,112,434,49,121,80,23,4,2,3,3,6,Catamarca,NOA,Catamarca,104,17,15.25,14.598354912918513,16.800888642043876,14.44043321299639,2.360455429047487,19.022493751735627,34.92920741497591,6.840620592383639,6.067384314273731
2005,14,55662,7650,15656,507,3812,761,4393,1157,663,353,182,54,13,7,26,28,Córdoba,Centro,Córdoba,464,199,8.837777777777777,8.778763701713716,11.911178182602134,8.33602817002623,3.5751500125759046,13.743667133771694,28.385459160547548,6.943407223912133,8.05981102651133
2005,18,19805,3853,9653,1375,1449,234,1436,2730,361,213,62,24,19,17,11,15,Corrientes,NEA,Corrientes,250,111,20.072222222222223,19.808322271880368,18.22772027265842,12.623074981065386,5.604645291593032,19.454683160817975,52.376559956592516,7.403811762301364,8.4099560761347
2005,22,23140,5658,13092,279,1651,617,1563,1225,461,254,90,24,31,20,12,30,Chaco,NEA,Chaco,314,147,23.387777777777778,23.279314942076798,19.922212618841833,13.569576490924806,6.352636127917027,24.451166810717375,57.26783605266611,7.330284597966523,7.132101300479124
2005,26,8550,1440,2679,3,497,3,558,7,100,48,31,7,6,1,6,1,Chubut,Patagonia,Chubut,73,27,11.216666666666667,10.78962746677002,11.695906432748536,8.538011695906434,3.1578947368421053,16.842105263157894,31.344331344331344,5.814905814905815,6.531663350111202
2005,30,21875,3906,9172,198,1663,36,1413,9,289,170,65,22,8,8,5,11,Entre Ríos,Centro,Entre Ríos,206,83,11.755555555555556,11.628475729703865,13.211428571428572,9.417142857142856,3.7942857142857145,17.855999999999998,42.3121280620012,7.614817528275104,6.462087258757888
2005,34,12176,2663,7172,477,884,165,843,164,279,135,63,3,20,21,6,31,Formosa,NEA,Formosa,181,98,24.330000000000002,25.32618843406781,22.913929040735873,14.865308804204993,8.048620236530882,21.87089356110381,61.3043849901701,7.3599200732661725,7.017982017982018
2005,38,12971,2439,4325,25,849,65,813,8,209,96,54,11,5,8,23,12,Jujuy,NOA,Jujuy,131,78,21.393333333333334,18.19064338014644,16.11286716521471,10.099452625086732,6.013414540127978,18.803484696630946,33.408002471805965,6.578335657833565,6.27169636658181
2005,42,5441,982,2079,167,386,59,398,7,62,37,13,1,1,0,6,4,La Pampa,Patagonia,La Pampa,46,16,6.7844444444444445,5.761098526127168,11.394964160999816,8.454328248483733,2.9406359125160813,18.04815291306745,39.419795221843,7.172054998141955,7.324254692675745
2005,46,6679,1250,2252,7,516,50,422,33,92,45,13,8,10,6,2,8,La Rioja,NOA,La Rioja,48,44,15.112222222222222,15.532922270468092,13.774517143284923,7.186704596496482,6.587812546788441,18.715376553376252,33.752997601918466,7.783979484085081,6.349684020463436
2005,50,31542,4655,12795,92,2103,127,2002,171,357,179,99,4,14,4,36,21,Mendoza,Cuyo,Mendoza,233,124,10.66,10.371265697002098,11.318242343541945,7.38697609536491,3.9312662481770335,14.758100310696848,40.68362480127186,6.694254337100111,6.381690095948487
2005,54,23679,5174,14385,580,1537,491,1390,2454,346,184,27,17,37,18,11,52,Misiones,NEA,Misiones,220,126,20.011111111111113,19.25681462408849,14.612103551670256,9.290932894125596,5.321170657544659,21.8505849064572,62.275423178492574,6.628428497498707,6.548881036513546
2005,58,10426,1741,2899,114,642,15,717,41,103,45,36,5,5,3,5,4,Neuquén,Patagonia,Neuquén,66,37,13.21,12.507749306252583,9.879148283138308,6.330328026088625,3.5488202570496834,16.69863802033378,28.112878200155162,6.166554605705503,6.904188733750602
2005,62,11003,1975,3263,38,700,17,922,47,103,53,25,13,2,4,1,5,Río Negro,Patagonia,Río Negro,68,35,13.131111111111112,11.79061618610475,9.361083340907026,6.18013269108425,3.1809506498227758,17.949650095428517,29.75832193342453,6.371745858365192,8.415480102227091
2005,66,26130,4479,11213,161,1745,371,1937,1331,373,219,62,19,6,4,42,21,Salta,NOA,Salta,216,157,23.904444444444444,23.786811021166727,14.274779946421738,8.266360505166475,6.0084194412552625,17.141216991963258,43.17840502137164,6.7743313016809665,7.810798822533167
2005,70,14240,2085,6714,180,1023,161,975,193,238,119,66,3,28,7,6,9,San Juan,Cuyo,San Juan,167,71,12.495555555555557,14.143034299420052,16.713483146067418,11.72752808988764,4.985955056179775,14.64185393258427,47.7524893314367,7.2661410611549115,6.9409838399658295
2005,74,8138,1364,3111,59,582,31,586,53,130,67,39,3,7,3,4,7,San Luis,Cuyo,San Luis,85,45,10.724444444444444,10.797552312094211,15.974440894568689,10.44482673875645,5.529614155812238,16.760874907839764,38.50724099517267,7.178981127420747,7.247990105132962
2005,78,4898,794,1242,110,344,44,411,30,54,32,11,1,2,1,4,3,Santa Cruz,Patagonia,Santa Cruz,44,10,9.264444444444445,9.765626474507302,11.024908125765618,8.98325847284606,2.041649652919559,16.210698244181298,25.93984962406015,7.086938607334157,8.44289235825801
2005,82,51940,9254,22409,598,3766,1023,4646,1539,643,345,162,57,40,16,6,17,Santa Fe,Centro,Santa Fe,419,224,9.46888888888889,9.540223712515834,12.379668848671544,8.067000385059686,4.31266846361186,17.816711590296496,43.64652720969187,7.396350924052871,9.218071070018452
2005,86,17642,3382,10991,26,1087,586,2005,36,207,115,25,13,26,11,2,15,Santiago del Estero,NOA,Santiago del Estero,125,82,22.386666666666667,22.82165704118707,11.733363564221744,7.085364471148396,4.647999093073348,19.1701621131391,62.39214350590372,6.37312382739212,11.388163126206976
2005,90,28225,4759,13979,554,1888,394,1954,1476,457,287,93,12,17,16,14,18,Tucumán,NOA,Tucumán,350,107,17.29111111111111,16.552055846054117,16.191319751992914,12.400354295837024,3.7909654561558903,16.860938883968114,50.51859347331141,6.783802234917897,7.304945979288946
2005,94,2388,378,341,9,118,16,151,73,16,10,2,2,1,0,0,1,Tierra del Fuego,Patagonia,Tierra del Fuego,12,4,14.94,14.550012898232941,6.700167504187605,5.025125628140704,1.6750418760469012,15.829145728643216,14.333753678015974,4.974704890387859,6.52267818574514
2006,02,44065,3138,8871,277,3167,306,3379,221,366,172,107,6,42,12,4,23,CABA,Centro,Ciudad Autónoma de Buenos Aires,230,136,6.473333333333334,7.0265089556804785,8.305911721320777,5.219562010666062,3.086349710654715,7.121298082378305,20.258975061660728,7.237368312804223,7.706869811148617
2006,06,261941,33970,100374,10500,19520,2603,21744,5743,3284,1486,833,255,336,145,88,141,Buenos Aires,Centro,Buenos Aires,2068,1216,10.286666666666667,11.285867387618662,12.537174401869123,7.8949076318713,4.642266769997824,12.96856925796267,39.91950397906467,7.526856843193053,8.487185692316098
2006,10,6837,1360,2245,253,448,60,402,169,105,53,25,10,4,2,8,3,Catamarca,NOA,Catamarca,75,30,14.47,14.598354912918513,15.357612988152699,10.969723562966212,4.3878894251864855,19.891765394178734,34.097812879708385,6.610594658403423,6.02879424115177
2006,14,54222,7865,14153,190,3763,314,4326,497,627,303,198,37,26,13,22,28,Córdoba,Centro,Córdoba,430,197,8.272222222222222,8.778763701713716,11.563571981852384,7.930360370329386,3.6332116115229978,14.505182398288518,26.193737044714243,6.980411070713066,8.052117263843648
2006,18,18561,3696,8353,1823,1374,192,1477,2276,324,201,65,8,12,15,7,16,Corrientes,NEA,Corrientes,237,87,19.077777777777776,19.808322271880368,17.45595603685146,12.768708582511717,4.687247454339745,19.912720219815743,49.90440912892819,7.479993467254614,9.06969603929997
2006,22,20235,4909,11071,214,1468,422,1532,1439,382,207,86,16,20,19,12,22,Chaco,NEA,Chaco,251,131,22.342222222222222,23.279314942076798,18.878181368915246,12.404250061774153,6.473931307141092,24.25994563874475,55.29693821487438,7.409276737495583,8.150670355394766
2006,26,8994,1577,2578,0,549,14,638,10,103,62,24,5,4,3,3,2,Chubut,Patagonia,Chubut,79,24,10.663333333333332,10.78962746677002,11.452079163887037,8.783633533466755,2.66844563042028,17.53391149655326,28.663553480097843,6.11358574610245,7.101513802315227
2006,30,21181,3853,9128,181,1589,26,1472,19,267,144,68,12,18,13,4,8,Entre Ríos,Centro,Entre Ríos,184,83,11.014444444444445,11.628475729703865,12.605637127614372,8.687030829517019,3.9186062980973513,18.190831405504934,43.46666666666666,7.51122666036398,6.955864285039222
2006,34,11237,2541,6230,144,846,157,898,99,272,151,60,9,14,14,11,13,Formosa,NEA,Formosa,196,76,23.41,25.32618843406781,24.205748865355524,17.442377858859125,6.763371006496396,22.61279700987808,56.16154331560443,7.635379061371841,8.062488777159274
2006,38,12153,2195,3822,10,784,61,797,18,206,111,50,10,5,8,17,5,Jujuy,NOA,Jujuy,139,67,20.206666666666667,18.19064338014644,16.95054718999424,11.437505142763104,5.513042047231137,18.061384020406486,31.474923824425595,6.4836255375454845,6.567779151215493
2006,42,5383,964,2271,169,341,59,388,0,54,24,17,1,1,1,9,1,La Pampa,Patagonia,La Pampa,38,16,6.185555555555555,5.761098526127168,10.031580902842283,7.059260635333457,2.9723202675088243,17.908229611740666,43.555811277330264,6.40495867768595,7.207876648708898
2006,46,6220,1164,1989,15,415,52,354,23,88,43,26,7,4,5,1,2,La Rioja,NOA,La Rioja,56,32,14.537777777777778,15.532922270468092,14.14790996784566,9.0032154340836,5.144694533762058,18.713826366559484,32.054794520547944,6.7282749675745785,5.712441503953526
2006,50,32232,4932,12902,101,2187,155,2140,180,382,194,112,3,24,3,27,19,Mendoza,Cuyo,Mendoza,268,114,10.05,10.371265697002098,11.851576073467362,8.314718292380244,3.536857781087118,15.30156366344006,40.154368055771684,6.817969261464602,6.676650443030076
2006,54,20848,4525,13708,294,1217,284,1167,623,356,169,52,19,45,19,8,44,Misiones,NEA,Misiones,219,137,19.13888888888889,19.25681462408849,17.075978511128167,10.504604758250192,6.571373752877974,21.704719877206447,66.69261457623821,5.918109317253452,5.770086526576019
2006,58,10852,1789,2687,76,720,19,805,27,106,50,26,9,1,5,9,6,Neuquén,Patagonia,Neuquén,65,41,12.64,12.507749306252583,9.767784740140067,5.989679321784003,3.778105418356063,16.48544047180243,24.935040831477355,6.646358349487677,7.436489607390301
2006,62,10966,1948,3049,60,704,14,918,23,102,47,27,13,3,3,3,6,Río Negro,Patagonia,Río Negro,65,37,12.38888888888889,11.79061618610475,9.30147729345249,5.927412000729528,3.374065292722962,17.763997811417106,27.957087841555108,6.428049671292914,8.388924426574066
2006,66,24828,4144,9519,137,1744,263,1965,1153,370,156,91,16,36,27,19,25,Salta,NOA,Salta,218,152,23.005555555555556,23.786811021166727,14.902529402287739,8.780409215401965,6.122120186885774,16.69083293056227,38.552509011380664,7.099531854264198,8.299894403379092
2006,70,13971,2009,6219,147,991,116,911,123,196,92,60,2,22,7,10,3,San Juan,Cuyo,San Juan,120,76,12.044444444444444,14.143034299420052,14.029060196120536,8.589220528237064,5.439839667883472,14.379786701023548,44.98697916666667,7.1526524720317575,6.578567302137493
2006,74,8468,1451,3234,46,589,5,582,17,108,61,27,2,5,3,9,1,San Luis,Cuyo,San Luis,84,24,10.155555555555555,10.797552312094211,12.753897024090694,9.919697685403873,2.834199338686821,17.135096835144072,38.39943006411779,6.95970695970696,6.886758963436279
2006,78,5119,826,1194,117,397,37,495,40,79,50,14,2,4,2,2,5,Santa Cruz,Patagonia,Santa Cruz,61,18,9.055555555555555,9.765626474507302,15.432701699550693,11.916389919906232,3.516311779644462,16.135964055479583,23.87045181927229,7.811885084612358,9.746012994683992
2006,82,50602,9270,20982,320,3709,595,4625,983,555,279,145,51,31,18,5,26,Santa Fe,Centro,Santa Fe,371,184,8.86111111111111,9.540223712515834,10.967945930990869,7.331726018734437,3.6362199122564327,18.319434014465834,41.72865041167814,7.416961625372448,9.321026219794836
2006,86,16926,3490,10173,8,1146,395,1666,55,204,104,29,17,25,17,4,8,Santiago del Estero,NOA,Santiago del Estero,119,85,21.433333333333334,22.82165704118707,12.052463665366892,7.030603804797353,5.021859860569538,20.619165780456104,60.131221184537175,6.932429980037505,9.874933317527118
2006,90,26567,4469,12047,346,1776,306,1990,1391,359,199,84,5,37,8,7,19,Tucumán,NOA,Tucumán,265,94,16.488888888888887,16.552055846054117,13.513004855647985,9.974780743027065,3.5382241126209206,16.821620807769037,45.94409061439305,6.762880316819618,7.90435335239911
2006,94,2395,343,347,11,122,17,127,399,26,11,7,1,4,0,2,1,Tierra del Fuego,Patagonia,Tierra del Fuego,18,8,14.8,14.550012898232941,10.855949895615867,7.515657620041753,3.340292275574113,14.321503131524008,14.555369127516778,5.130361648444071,6.362725450901803
2007,02,42737,3092,8656,342,3042,419,3168,491,359,159,111,3,42,9,3,32,CABA,Centro,Ciudad Autónoma de Buenos Aires,230,129,6.3500000000000005,7.0265089556804785,8.400215270140627,5.381753515688981,3.0184617544516463,7.234948639352318,20.417502063922633,7.188430455125479,7.49893481039625
2007,06,263343,35799,101591,9557,19573,3048,21800,5690,3590,1588,772,283,414,250,112,171,Buenos Aires,Centro,Buenos Aires,2161,1429,9.75,11.285867387618662,13.632410962129239,8.206027879989216,5.426383082140023,13.594057939645253,40.0301829100108,7.5195451314854305,8.46099210954268
2007,10,6969,1342,2253,240,474,39,444,308,104,55,31,5,4,3,3,3,Catamarca,NOA,Catamarca,73,31,13.690000000000001,14.598354912918513,14.92323145358014,10.474960539532214,4.448270914047926,19.256708279523604,33.48194382523406,6.8398268398268405,6.665665815943552
2007,14,53963,7988,13516,153,3783,234,4302,328,688,343,188,56,32,17,26,26,Córdoba,Centro,Córdoba,462,226,7.706666666666667,8.778763701713716,12.749476493152716,8.561421714878714,4.188054778274003,14.80273520745696,25.118007805240662,7.040890394386643,8.020881886827631
2007,18,18982,3873,8276,2357,1407,440,1391,1841,296,168,66,10,21,11,4,16,Corrientes,NEA,Corrientes,209,87,18.083333333333336,19.808322271880368,15.593720366663154,11.010430934569591,4.583289432093562,20.403540195975133,49.780451127819546,7.58817819005501,8.115045796627967
2007,22,19173,4688,10224,211,1382,480,1463,1420,406,213,78,23,44,16,10,22,Chaco,NEA,Chaco,256,150,21.296666666666667,23.279314942076798,21.175611537057318,13.352109737651906,7.823501799405413,24.451050957075054,53.91836304187322,7.393141817792756,8.240860699600068
2007,26,9213,1597,2536,136,539,51,676,7,101,51,27,5,11,3,0,4,Chubut,Patagonia,Chubut,70,31,10.11,10.78962746677002,10.962769998914577,7.597959405188321,3.3648105937262565,17.33420167155107,27.938746281811174,5.88299497926217,7.343037149684988
2007,30,20985,3917,8939,87,1571,34,1412,28,249,117,76,24,15,3,2,12,Entre Ríos,Centro,Entre Ríos,155,94,10.273333333333333,11.628475729703865,11.865618298784845,7.386228258279724,4.479390040505122,18.665713604955922,42.77442817494497,7.498448761395638,6.737605573316792
2007,34,11241,2504,6239,199,838,166,967,48,257,145,54,10,10,15,8,15,Formosa,NEA,Formosa,172,85,22.490000000000002,25.32618843406781,22.862734632150165,15.301129792723067,7.561604839427097,22.275598256382885,56.502445209201234,7.566591422121896,8.639328151523273
2007,38,12469,2187,3665,32,744,40,806,14,189,86,48,5,7,10,26,7,Jujuy,NOA,Jujuy,123,66,19.020000000000003,18.19064338014644,15.157590825246611,9.86446387039859,5.293126954848023,17.539497954928223,29.468521347591864,5.986000482741974,6.4712966680048165
2007,42,5336,1043,2223,130,342,52,359,5,63,42,10,3,3,2,3,0,La Pampa,Patagonia,La Pampa,45,18,5.586666666666667,5.761098526127168,11.806596701649175,8.433283358320839,3.373313343328336,19.546476761619193,42.700729927007295,6.472369417108251,6.734196210842243
2007,46,6138,1079,2039,21,419,146,366,103,79,49,17,2,1,1,7,2,La Rioja,NOA,La Rioja,56,23,13.963333333333335,15.532922270468092,12.870641902899967,9.123492994460737,3.747148908439231,17.579015966112742,33.33333333333333,6.992656875834447,6.064623032311516
2007,50,33000,5161,12787,121,2225,121,2153,150,372,191,97,2,23,3,43,13,Mendoza,Cuyo,Mendoza,252,120,9.440000000000001,10.371265697002098,11.272727272727273,7.636363636363637,3.6363636363636362,15.639393939393939,38.891085495300956,6.767237446394354,6.5540334855403355
2007,54,21639,4647,14589,444,1298,354,1218,956,315,164,34,18,30,16,8,45,Misiones,NEA,Misiones,197,118,18.266666666666666,19.25681462408849,14.55704977124636,9.103932714081056,5.453117057165303,21.475114376819633,68.83227176220807,6.098191214470284,5.888894260987284
2007,58,11022,1940,2529,70,735,12,859,24,106,43,41,5,5,4,5,3,Neuquén,Patagonia,Neuquén,66,40,12.07,12.507749306252583,9.61712937760842,5.9880239520958085,3.6291054255126114,17.601161313736164,23.091672753834917,6.67574931880109,7.810511002000364
2007,62,11214,2075,3006,68,733,11,929,25,110,71,26,5,5,1,2,0,Río Negro,Patagonia,Río Negro,88,22,11.646666666666668,11.79061618610475,9.8091671125379,7.847333690030319,1.9618334225075797,18.50365614410558,26.96931634667145,6.54289029724181,8.302797390294039
2007,66,24808,4084,9474,159,1713,324,1972,1215,382,196,67,10,62,11,9,27,Salta,NOA,Salta,248,134,22.10666666666667,23.786811021166727,15.398258626249596,9.99677523379555,5.401483392454047,16.462431473718155,38.4356363341312,6.99640581604313,8.358411393209849
2007,70,14254,2101,6318,59,940,89,881,90,188,106,47,3,15,3,8,6,San Juan,Cuyo,San Juan,133,55,11.593333333333334,14.143034299420052,13.189280202048547,9.330714185491793,3.8585660165567557,14.739722183246808,44.50862979922508,6.636074832333215,6.219994351878
2007,74,8265,1248,2968,59,631,6,637,20,130,72,29,1,4,1,15,8,San Luis,Cuyo,San Luis,90,40,9.586666666666666,10.797552312094211,15.72897761645493,10.88929219600726,4.839685420447672,15.099818511796734,36.16865708018523,7.640150139242039,7.725894481503942
2007,78,5276,896,1276,229,333,42,466,75,68,35,16,4,3,0,4,6,Santa Cruz,Patagonia,Santa Cruz,47,21,8.846666666666668,9.765626474507302,12.88855193328279,8.908263836239575,3.9802880970432146,16.982562547384383,25.282345948087976,6.362246847535345,8.959815420111516
2007,82,50644,9437,21457,291,3669,705,4593,1247,587,294,146,61,40,15,8,23,Santa Fe,Centro,Santa Fe,393,194,8.253333333333334,9.540223712515834,11.590711634152122,7.760050548929785,3.830661085222336,18.633994155279993,42.6131511528608,7.346963295220169,9.298135514302489
2007,86,16634,3311,9833,11,1069,364,1583,37,229,109,34,21,42,10,3,10,Santiago del Estero,NOA,Santiago del Estero,128,101,20.48,22.82165704118707,13.766983287242997,7.6950823614284,6.071900925814597,19.90501382710112,59.15298080972147,6.570374923171481,9.5378682894499
2007,90,28765,4869,13185,291,2189,280,2337,1636,371,224,66,7,39,9,5,21,Tucumán,NOA,Tucumán,263,108,15.686666666666667,16.552055846054117,12.8976186337563,9.143055796975492,3.75456283678081,16.926820789153485,46.30540141883824,7.68474635773214,8.614397876810793
2007,94,2551,387,338,20,168,14,160,515,26,14,6,1,1,0,4,0,Tierra del Fuego,Patagonia,Tierra del Fuego,19,7,14.66,14.550012898232941,10.192081536652292,7.448059584476677,2.7440219521756175,15.170521364170913,13.35440537337021,6.6219944816712655,7.858546168958743
2008,02,45820,3244,8335,263,3102,427,3417,589,354,167,105,7,39,5,2,29,CABA,Centro,Ciudad Autónoma de Buenos Aires,239,115,6.226666666666667,7.0265089556804785,7.72588389349629,5.216062854648625,2.5098210388476647,7.0798777826276735,18.29576135390829,6.8336527658449535,7.554553293095443
2008,06,280318,37241,103653,9463,20841,2810,23447,5633,3463,1609,840,263,348,176,82,145,Buenos Aires,Centro,Buenos Aires,2218,1245,9.213333333333335,11.285867387618662,12.35382672536191,7.91244229767621,4.4413844276856995,13.285268873208283,38.26881541784349,7.510053764215805,8.535959371643884
2008,10,7206,1359,2207,300,480,46,441,217,110,71,19,5,3,4,2,6,Catamarca,NOA,Catamarca,82,28,12.91,14.598354912918513,15.265056897030252,11.379406050513461,3.885650846516792,18.859283930058286,31.957717926440775,6.70391061452514,6.309915581628273
2008,14,58073,8648,14281,154,4058,293,4480,365,704,377,195,53,20,6,19,34,Córdoba,Centro,Córdoba,495,209,7.141111111111111,8.778763701713716,12.122673187195426,8.523754584746783,3.5989186024486424,14.891601949270743,24.656848357188487,7.023191415714781,7.763221737020863
2008,18,19984,3978,8415,2220,1597,253,1655,1617,341,212,63,11,19,20,9,7,Corrientes,NEA,Corrientes,244,97,17.08888888888889,19.808322271880368,17.063650920736592,12.2097678142514,4.853883106485188,19.905924739791832,47.371087592884486,8.093862449951853,9.01072575815321
2008,22,21919,5276,11023,273,1653,400,1707,1232,395,202,80,20,43,14,10,26,Chaco,NEA,Chaco,256,139,20.25111111111111,23.279314942076798,18.020895113828185,11.679364934531684,6.341530179296501,24.070441169761395,50.92395823708769,7.681583716715461,8.25155895006526
2008,26,9864,1595,2573,307,580,71,662,9,103,57,29,6,4,4,2,1,Chubut,Patagonia,Chubut,73,30,9.556666666666667,10.78962746677002,10.442011354420114,7.400648824006488,3.0413625304136254,16.169910786699106,26.922674479439156,5.922597773920147,6.71740233384069
2008,30,21538,4021,9180,53,1653,32,1516,48,291,156,84,15,17,5,4,10,Entre Ríos,Centro,Entre Ríos,203,88,9.532222222222224,11.628475729703865,13.51100380722444,9.425201968613612,4.085801838610828,18.66932862847061,42.72748429136607,7.686227099414117,7.054443927408097
2008,34,12222,2624,6371,299,849,95,1056,110,235,109,52,15,19,16,4,20,Formosa,NEA,Formosa,137,98,21.57,25.32618843406781,19.22762232040583,11.209294714449353,8.018327605956472,21.469481263295695,53.43453828734379,7.000907066875567,8.718626155878468
2008,38,12963,2179,3569,32,847,62,898,64,182,92,51,5,7,6,10,11,Jujuy,NOA,Jujuy,130,52,17.833333333333336,18.19064338014644,14.039959885828898,10.028542775592069,4.011417110236828,16.809380544627015,27.600340267574047,6.565382528486163,6.961779982944415
2008,42,5512,969,1964,126,416,16,441,1,82,43,23,3,3,1,6,3,La Pampa,Patagonia,La Pampa,60,22,4.987777777777778,5.761098526127168,14.876632801161103,10.88534107402032,3.9912917271407835,17.579825834542813,36.46490902339398,7.5691411935953425,8.002177463255308
2008,46,6487,1124,2023,37,442,63,405,194,97,53,17,8,5,3,4,7,La Rioja,NOA,La Rioja,63,34,13.38888888888889,15.532922270468092,14.952982888854633,9.711731154616926,5.241251734237706,17.326961615538767,31.36434108527132,6.880448318804483,6.435722231050374
2008,50,34860,5395,13365,113,2426,82,2331,115,376,193,107,1,27,11,24,13,Mendoza,Cuyo,Mendoza,230,146,8.83,10.371265697002098,10.786001147446932,6.5978198508318995,4.188181296615031,15.476190476190476,38.46375226638271,6.975674276841682,6.7088789753921425
2008,54,24936,5495,13474,843,1791,376,1543,3853,347,174,51,13,38,25,4,42,Misiones,NEA,Misiones,214,133,17.394444444444446,19.25681462408849,13.91562399743343,8.58196984279756,5.333654154635868,22.036413217837662,55.92495745652264,7.292345276872964,7.31869278565669
2008,58,11529,1901,2834,99,791,21,1004,43,85,39,31,4,1,2,5,3,Neuquén,Patagonia,Neuquén,51,34,11.5,12.507749306252583,7.372712290745078,4.4236273744470465,2.9490849162980313,16.488854193772227,24.79440069991251,6.873479318734793,8.741076092634511
2008,62,11882,2076,2976,71,781,30,1030,32,139,70,43,11,6,0,3,6,Río Negro,Patagonia,Río Negro,103,36,10.904444444444444,11.79061618610475,11.698367278235988,8.668574314088536,3.02979296414745,17.471806093250294,25.196850393700785,6.589605129935876,8.691983122362869
2008,66,26211,4308,9673,165,1752,339,2115,1048,378,168,87,15,54,19,6,29,Salta,NOA,Salta,218,160,21.20777777777778,23.786811021166727,14.421426118805082,8.317118766929916,6.104307351875167,16.435847544923888,37.13814021346848,6.771799628942486,8.405198108333664
2008,70,14425,2237,5909,47,1102,79,944,86,207,104,76,3,10,3,5,6,San Juan,Cuyo,San Juan,149,58,11.142222222222223,14.143034299420052,14.350086655112651,10.329289428076256,4.020797227036395,15.507798960138649,41.097510084851855,7.681583716715461,6.583443754794615
2008,74,8449,1294,3137,28,638,6,643,15,111,64,28,2,4,2,5,6,San Luis,Cuyo,San Luis,80,31,9.017777777777777,10.797552312094211,13.13764942596757,9.46857616285951,3.6690732631080603,15.315421943425259,37.25210782567391,7.556555726637451,7.623903248755039
2008,78,5651,974,1432,257,349,40,468,86,60,33,13,1,2,3,2,6,Santa Cruz,Patagonia,Santa Cruz,41,19,8.637777777777778,9.765626474507302,10.617589807113786,7.255353034861086,3.3622367722526985,17.23588745354804,26.548016314423435,6.2199251470326145,8.409703504043128
2008,82,54804,10051,21573,454,4037,1017,5134,1339,629,324,176,47,23,18,7,34,Santa Fe,Centro,Santa Fe,439,190,7.645555555555555,9.540223712515834,11.477264433253048,8.01036420699219,3.466900226260857,18.339902196919933,39.69273229070837,7.505531076282374,9.602543720190779
2008,86,17715,3556,10211,17,1205,308,1874,31,185,107,23,13,22,5,3,12,Santiago del Estero,NOA,Santiago del Estero,121,64,19.526666666666667,22.82165704118707,10.443127293254305,6.830369743155519,3.6127575500987863,20.07338413773638,57.695784834444574,6.922502441546505,10.597149966071024
2008,90,29428,4786,12879,328,2059,338,2301,1339,407,267,76,5,25,15,1,18,Tucumán,NOA,Tucumán,303,104,14.884444444444444,16.552055846054117,13.83036563816773,10.296316433328803,3.534049204838929,16.263422590729917,44.25773195876289,7.078033688552768,8.191818861476023
2008,94,2629,392,371,33,152,13,188,296,18,11,4,3,0,0,0,0,Tierra del Fuego,Patagonia,Tierra del Fuego,14,4,14.52,14.550012898232941,6.846709775580068,5.3252187143400525,1.5214910612400152,14.910612400152148,14.291217257318953,5.81039755351682,8.058294042006
2009,02,44615,3123,8361,340,3090,418,3314,752,377,174,122,7,29,10,2,33,CABA,Centro,Ciudad Autónoma de Buenos Aires,261,116,6.1033333333333335,7.0265089556804785,8.450072845455564,5.850050431469237,2.6000224139863275,6.999887930068363,18.884246188594016,6.99142475733647,7.555342771812233
2009,06,279941,38298,100667,9313,20467,3185,23290,6780,3488,1612,865,273,332,174,93,139,Buenos Aires,Centro,Buenos Aires,2280,1208,8.676666666666668,11.285867387618662,12.45976830832211,8.144573320806884,4.315194987515226,13.680739870186931,37.19755531578402,7.395322955961207,8.526107314001633
2009,10,6876,1383,1880,385,447,62,431,223,100,65,16,6,2,2,4,5,Catamarca,NOA,Catamarca,67,33,12.129999999999999,14.598354912918513,14.543339150668993,9.744037230948226,4.799301919720768,20.11343804537522,28.963179787397937,6.560023481068389,6.478280474973697
2009,14,58595,8637,13650,1047,4018,221,4554,322,627,303,184,58,27,12,18,25,Córdoba,Centro,Córdoba,433,194,6.575555555555556,8.778763701713716,10.700571721136617,7.389709019540916,3.3108627015956995,14.740165543135081,23.719329950649893,6.883201425292082,7.814940023681636
2009,18,20373,4126,8481,2236,1519,549,1613,1840,312,183,75,17,17,8,4,8,Corrientes,NEA,Corrientes,227,85,16.094444444444445,19.808322271880368,15.314386688263879,11.142198007166348,4.1721886810975315,20.252294703774602,46.76076528643105,7.662429378531073,8.703393945934279
2009,22,21703,5309,10577,313,1559,534,1658,1422,386,197,60,22,51,22,10,24,Chaco,NEA,Chaco,234,152,19.205555555555556,23.279314942076798,17.785559600055294,10.781919550292587,7.003640049762706,24.46205593696724,49.448340345956055,7.364542491378903,8.175139292934274
2009,26,9921,1591,2396,211,572,32,683,17,93,61,25,0,2,1,3,1,Chubut,Patagonia,Chubut,65,28,9.003333333333334,10.78962746677002,9.37405503477472,6.551758895272654,2.8222961395020665,16.036689849813527,24.675592173017506,5.784204671857619,6.896203554119548
2009,30,22228,4137,8965,35,1561,24,1542,55,263,122,68,31,14,3,6,19,Entre Ríos,Centro,Entre Ríos,162,101,8.791111111111112,11.628475729703865,11.831923699838043,7.288105092675904,4.543818607162138,18.61166096814828,40.39562024061641,7.030264817150063,6.9544040048707885
2009,34,11969,2702,6386,319,867,96,890,97,245,104,57,10,29,17,9,19,Formosa,NEA,Formosa,139,106,20.650000000000002,25.32618843406781,20.469546328014037,11.61333444732225,8.856211880691788,22.57498537889548,54.81545064377682,7.302282489682472,7.496630727762803
2009,38,13226,2252,3633,32,806,51,833,43,152,81,36,5,5,3,20,2,Jujuy,NOA,Jujuy,102,50,16.64666666666667,18.19064338014644,11.492514743686677,7.712082262210797,3.7804324814758807,17.027067896567367,27.535243292405635,6.11764705882353,6.318743836759463
2009,42,5493,1015,1837,171,397,24,448,5,75,44,21,1,4,1,1,3,La Pampa,Patagonia,La Pampa,58,17,4.388888888888889,5.761098526127168,13.653741125068269,10.558893136719462,3.094847988348808,18.478062989259055,34.51709883502443,7.2590967270067654,8.16326530612245
2009,46,6237,1098,1985,37,439,88,349,188,91,47,18,7,3,8,4,4,La Rioja,NOA,La Rioja,53,38,12.814444444444444,15.532922270468092,14.590347923681257,8.497675164341832,6.092672759339426,17.604617604617605,32.016129032258064,7.139372255651326,5.769548685733179
2009,50,34435,5461,12890,136,2291,57,2288,104,342,158,111,5,13,4,40,11,Mendoza,Cuyo,Mendoza,238,104,8.22,10.371265697002098,9.931755481341657,6.911572527951213,3.020182953390446,15.85886452737041,37.58127059097933,6.664145674559312,6.664530599166933
2009,54,25918,5599,13847,1537,1723,758,1514,3467,336,157,55,23,34,18,8,41,Misiones,NEA,Misiones,220,116,16.522222222222222,19.25681462408849,12.963963268770739,8.488309283123698,4.475653985647041,21.60274712554981,56.79422501127927,6.848171701112878,6.743574896441139
2009,58,11639,1950,2619,69,732,4,970,26,89,44,31,5,2,1,3,3,Neuquén,Patagonia,Neuquén,58,31,10.93,12.507749306252583,7.646705043388607,4.983245983331901,2.6634590600567063,16.754016668098632,22.636127917026794,6.291362269015901,8.352708171876346
2009,62,11773,2105,2736,58,749,21,1005,33,104,53,34,4,4,3,1,5,Río Negro,Patagonia,Río Negro,72,32,10.162222222222223,11.79061618610475,8.833772190605623,6.115688439650047,2.7180837509555764,17.87989467425465,23.354673495518565,6.373383253914228,8.560477001703577
2009,66,26133,4389,9511,3,1708,290,2127,974,367,178,79,13,56,17,9,15,Salta,NOA,Salta,225,142,20.308888888888887,23.786811021166727,14.043546473807064,8.60980369647572,5.433742777331344,16.794857077258637,36.398775353999234,6.6091398057501065,8.454231090265909
2009,70,14520,2410,5561,54,1011,111,884,106,160,76,51,3,16,3,4,7,San Juan,Cuyo,San Juan,110,50,10.691111111111113,14.143034299420052,11.019283746556475,7.575757575757576,3.443526170798898,16.59779614325069,38.44186368035393,7.016448053300022,6.1329263216317464
2009,74,8134,1439,2828,182,565,18,623,18,105,51,36,1,6,0,6,5,San Luis,Cuyo,San Luis,76,29,8.448888888888888,10.797552312094211,12.908777969018933,9.343496434718466,3.565281534300467,17.69117285468404,35.563380281690144,6.961557417447019,7.6761951700345
2009,78,5806,947,1334,410,351,80,477,132,60,32,17,3,1,1,3,3,Santa Cruz,Patagonia,Santa Cruz,46,14,8.42888888888889,9.765626474507302,10.334137099552187,7.9228384429900105,2.411298656562177,16.310713055459868,24.722016308376578,6.129933636046105,8.406767712372226
2009,82,53830,9748,19990,338,3987,787,5012,925,595,281,180,45,34,16,9,30,Santa Fe,Centro,Santa Fe,388,207,7.0377777777777775,9.540223712515834,11.053315994798439,7.207876648708899,3.8454393460895413,18.10886122979751,37.370074029761454,7.516543181946722,9.47358472734146
2009,86,19129,3867,10994,6,1222,94,2698,55,232,117,35,13,32,18,2,15,Santiago del Estero,NOA,Santiago del Estero,139,93,18.573333333333334,22.82165704118707,12.128182340948298,7.266454074964714,4.861728265983585,20.215379789847876,57.49097944883125,6.419753086419753,14.144909300618643
2009,90,28546,4626,11817,237,2149,203,2220,753,375,281,61,3,10,4,2,14,Tucumán,NOA,Tucumán,263,112,14.08222222222222,16.552055846054117,13.136691655573461,9.213199747775521,3.92349190779794,16.20542282631542,41.742908615634605,7.582119041738701,7.987622782715071
2009,94,2619,351,326,87,142,24,150,396,12,4,6,0,1,0,0,1,Tierra del Fuego,Patagonia,Tierra del Fuego,8,4,14.38,14.550012898232941,4.581901489117985,3.0546009927453226,1.5273004963726613,13.402061855670103,12.87519747235387,5.472061657032755,6.747638326585695
2010,02,45429,3106,7969,393,3111,376,3416,902,320,142,96,5,34,15,1,27,CABA,Centro,Ciudad Autónoma de Buenos Aires,209,111,5.98,7.0265089556804785,7.043958704792093,4.600585529067336,2.443373175724757,6.837042417838825,17.69473310240696,6.905200541584357,7.671749724886025
2010,06,288831,38451,98304,11352,21435,6178,24419,8351,3457,1517,888,257,329,176,108,182,Buenos Aires,Centro,Buenos Aires,2201,1256,8.14,11.285867387618662,11.96893685234618,7.620373159390786,4.348563692955396,13.31262918454044,35.42754586833598,7.583503447690278,8.706146605818596
2010,10,6818,1320,1735,572,491,44,465,138,105,86,10,5,1,2,1,0,Catamarca,NOA,Catamarca,80,25,11.35,14.598354912918513,15.40041067761807,11.733646230566148,3.6667644470519214,19.360516280434144,27.77777777777778,7.248302332447594,6.961077844311377
2010,14,58540,8588,12281,2065,4150,217,4501,229,649,318,199,66,16,8,9,33,Córdoba,Centro,Córdoba,431,218,6.01,8.778763701713716,11.086436624530236,7.362487188247353,3.7239494362828833,14.67031089853092,21.74590526781762,7.115546182466609,7.718955257155597
2010,18,20477,4179,8211,1739,1572,314,1749,1364,345,225,69,11,17,7,5,11,Corrientes,NEA,Corrientes,273,72,15.1,19.808322271880368,16.848171118816232,13.332031059237192,3.5161400595790395,20.40826292914001,43.820044828690364,7.796458860288648,9.150839742583582
2010,22,22717,5837,11014,419,1560,667,1763,1415,333,156,60,27,41,13,9,27,Chaco,NEA,Chaco,195,138,18.16,23.279314942076798,14.658625698815865,8.583879913721002,6.074745785094863,25.694413875071533,49.39456453493587,7.07482993197279,8.276218195474604
2010,26,9981,1585,2252,21,603,9,748,18,98,55,29,4,5,1,2,2,Chubut,Patagonia,Chubut,71,27,8.45,10.78962746677002,9.818655445346158,7.113515679791604,2.705139765554554,15.880172327422102,22.610441767068274,6.046931407942238,7.507778781491519
2010,30,22357,4169,8310,74,1614,2,2325,18,260,144,67,20,19,1,2,7,Entre Ríos,Centro,Entre Ríos,179,81,8.05,11.628475729703865,11.629467280941093,8.006440935724829,3.6230263452162634,18.647403497785927,37.29300363505811,7.2198613285618425,10.407806974349793
2010,34,11730,2721,5858,284,827,90,928,64,209,108,47,11,18,7,8,10,Formosa,NEA,Formosa,147,62,19.73,25.32618843406781,17.81756180733163,12.531969309462916,5.285592497868713,23.19693094629156,51.17945133671151,7.1048109965635735,7.954740270872622
2010,38,13395,2430,3520,30,902,6,911,13,180,118,46,4,4,3,2,3,Jujuy,NOA,Jujuy,123,57,15.46,18.19064338014644,13.437849944008958,9.182530795072788,4.25531914893617,18.141097424412095,26.337448559670783,6.736873552916574,6.807652069944702
2010,42,5533,981,1604,197,366,2,420,4,39,13,14,2,5,0,2,3,La Pampa,Patagonia,La Pampa,22,17,3.79,5.761098526127168,7.048617386589554,3.976143141153081,3.0724742454364717,17.729983733959877,30.059970014992505,6.617248237208462,7.59631036353771
2010,46,6118,1125,1841,14,406,48,428,94,77,40,22,4,5,4,1,1,La Rioja,NOA,La Rioja,55,22,12.24,15.532922270468092,12.585812356979405,8.989865969271003,3.5959463877084015,18.388362209872508,30.160550458715598,6.688632619439868,7.104913678618859
2010,50,34134,5296,11812,43,2421,38,2305,62,399,205,124,2,17,1,38,12,Mendoza,Cuyo,Mendoza,283,116,7.61,10.371265697002098,11.68922481982774,8.290853694263784,3.3983711255639535,15.515321966367846,34.64844093749083,7.10053965274519,6.765085700868749
2010,54,24637,5156,12540,2368,1623,1586,1515,3776,324,161,51,16,31,16,10,39,Misiones,NEA,Misiones,200,124,15.65,19.25681462408849,13.150951820432683,8.11787149409425,5.0330803263384345,20.927872711774974,56.3114643675064,7.0409092881003,7.262355591774123
2010,58,12205,1952,2695,50,829,2,1043,13,112,55,38,6,3,3,4,3,Neuquén,Patagonia,Neuquén,80,32,10.36,12.507749306252583,9.176566980745596,6.554690700532569,2.6218762802130273,15.993445309299467,22.171945701357465,6.793411456199296,8.55479002624672
2010,62,12060,2076,2722,63,817,22,1083,38,113,67,26,4,6,4,2,4,Río Negro,Patagonia,Río Negro,82,31,9.42,11.79061618610475,9.369817578772803,6.799336650082918,2.570480928689884,17.213930348258707,22.689005584729514,6.786841668051172,9.00848444518383
2010,66,27790,4874,9819,377,1807,247,2134,908,355,160,96,13,41,16,17,12,Salta,NOA,Salta,211,144,19.41,23.786811021166727,12.774379273119827,7.5926592299388265,5.181720043181,17.538682979489025,35.81877211541969,6.560650619032058,7.938397440666617
2010,70,14189,2356,5068,20,1008,8,865,16,156,78,49,1,9,1,13,5,San Juan,Cuyo,San Juan,107,49,10.24,14.143034299420052,10.99443230671647,7.541052928324759,3.453379378391712,16.60441186834872,35.7682264097678,7.1081023905225305,6.103153884145911
2010,74,7928,1458,2671,532,574,22,668,30,85,48,22,0,3,0,6,6,San Luis,Cuyo,San Luis,66,19,7.88,10.797552312094211,10.721493440968718,8.32492431886983,2.39656912209889,18.390514631685168,36.11411573823688,7.260308626359727,8.45783742719676
2010,78,6087,976,1982,116,369,76,523,178,59,30,19,2,1,3,0,4,Santa Cruz,Patagonia,Santa Cruz,43,16,8.22,9.765626474507302,9.692787908657795,7.064235255462461,2.6285526531953343,16.034171184491537,33.19376988779099,6.138745633006155,8.850905398544592
2010,82,53152,9384,18131,131,3819,33,4897,517,545,299,135,39,32,9,7,24,Santa Fe,Centro,Santa Fe,380,165,6.43,9.540223712515834,10.253612281757977,7.149307645996388,3.104304635761589,17.655027092113183,34.19588464947851,7.1895178749599955,9.303695259808112
2010,86,17546,3664,9395,7,1119,71,1812,17,245,116,46,19,33,14,4,13,Santiago del Estero,NOA,Santiago del Estero,144,101,17.62,22.82165704118707,13.963296477829704,8.20699874615297,5.756297731676735,20.882252365211446,53.56633787559154,6.40343347639485,10.337155570768441
2010,90,30400,5284,12435,223,2281,200,2433,800,429,314,101,0,2,0,3,9,Tucumán,NOA,Tucumán,315,114,13.28,16.552055846054117,14.11184210526316,10.361842105263158,3.75,17.38157894736842,41.206879411472315,7.5529801324503305,8.219594594594595
2010,94,2519,332,268,9,167,2,214,19,25,13,8,2,0,0,2,0,Tierra del Fuego,Patagonia,Tierra del Fuego,16,9,14.24,14.550012898232941,9.924573243350537,6.351726875744343,3.5728463676061932,13.17983326716951,10.677290836653386,6.6348827969805315,8.559999999999999
2011,02,45280,3161,8218,371,3188,325,3674,1020,400,183,125,1,35,12,7,37,CABA,Centro,Ciudad Autónoma de Buenos Aires,252,148,5.898333333333333,6.939848666837093,8.8339222614841,5.565371024734983,3.2685512367491167,6.981007067137809,18.299227326371106,7.09153598042487,8.300948938093086
2011,06,291102,39435,95420,9929,21582,4197,24698,7361,3439,1537,832,247,373,204,110,136,Buenos Aires,Centro,Buenos Aires,2160,1279,7.990833333333334,11.098332606668427,11.81372852127433,7.4200795597419456,4.393648961532384,13.546798029556651,33.93640214387583,7.5223506038584205,8.704417056400027
2011,10,6579,1353,1801,207,471,19,589,37,92,58,11,9,3,1,1,9,Catamarca,NOA,Catamarca,63,29,10.987499999999999,14.117087930625464,13.98388812889497,9.575923392612859,4.40796473628211,20.56543547651619,28.264281230382927,7.179878048780488,9.003362885967595
2011,14,57861,8382,11775,2148,4048,194,4664,311,623,323,183,44,18,8,21,26,Córdoba,Centro,Córdoba,415,208,5.842499999999999,8.594359901222049,10.767183422339745,7.17236134874959,3.594822073590156,14.486441644631098,21.135103117764256,7.019612603395356,8.104257167680277
2011,18,20839,4384,7784,2306,1564,285,1711,1275,327,210,56,14,24,14,3,6,Corrientes,NEA,Corrientes,245,82,14.841666666666667,19.42083034150234,15.691731848937089,11.75680214981525,3.9349296991218385,21.037477806036758,42.00075540926995,7.609224481852681,8.745655285217747
2011,22,24472,6130,11449,407,1688,731,1815,1182,279,108,76,16,43,13,4,19,Chaco,NEA,Chaco,155,124,17.563333333333333,22.531933612709576,11.400784570120955,6.333769205622753,5.067015364498202,25.049035632559658,47.57531685019738,7.110062760625079,7.793044224989266
2011,26,9832,1545,2099,179,583,9,702,2,100,65,26,2,1,2,1,3,Chubut,Patagonia,Chubut,74,26,8.1625,10.470463592405288,10.17087062652563,7.526444263628967,2.6444263628966636,15.7139951179821,21.744535377602816,5.93505039193729,7.1414038657171925
2011,30,22216,4062,7680,91,1624,55,2351,3,245,103,79,28,13,7,5,10,Entre Ríos,Centro,Entre Ríos,154,91,7.879166666666667,11.369917416523641,11.028087864602089,6.93194094346417,4.096146921137919,18.284119553474973,34.71186440677966,7.328189161138937,10.583892315310854
2011,34,12196,3002,5400,741,807,64,1102,82,259,130,61,7,31,13,4,13,Formosa,NEA,Formosa,170,89,19.085833333333333,24.47631051080858,21.236470974089865,13.938996392259758,7.297474581830109,24.61462774680223,47.14098646879092,6.651829871414441,9.096912663034505
2011,38,13859,2708,3246,23,955,6,1179,4,179,84,57,14,4,6,13,1,Jujuy,NOA,Jujuy,124,55,15.088333333333335,17.77270700369027,12.915794790388917,8.947254491666065,3.9685402987228517,19.539649325348147,23.460537727666956,6.893813614379557,8.509563334536269
2011,42,5381,887,1608,118,333,2,432,3,56,33,11,1,6,0,1,4,La Pampa,Patagonia,La Pampa,39,17,3.7241666666666666,5.634762948203138,10.406987548782755,7.247723471473704,3.1592640773090506,16.483924921018396,30.552916587497624,6.19074177356386,8.032725920416512
2011,46,6312,1202,1690,48,392,27,534,49,104,51,15,6,11,9,0,12,La Rioja,NOA,La Rioja,61,43,11.886666666666667,15.119644316247282,16.476552598225602,9.664131812420786,6.812420785804816,19.043092522179975,26.979565772669222,6.237072394590294,8.526265368034489
2011,50,34175,5328,11601,30,2242,38,2109,45,331,155,119,4,16,1,28,8,Mendoza,Cuyo,Mendoza,232,99,7.475833333333334,10.276240865189367,9.685442574981712,6.788588149231895,2.8968544257498174,15.590343818580834,33.97569190218187,6.567653865307438,6.179314386170525
2011,54,21803,4748,10382,1108,1495,583,1624,2262,298,147,54,11,39,15,6,26,Misiones,NEA,Misiones,187,111,15.095833333333333,18.574831948304436,13.667843874696143,8.576801357611338,5.091042517084805,21.776819703710498,50.16670693404204,7.045240339302544,8.310731282943555
2011,58,11234,1824,2295,33,683,12,866,2,84,39,25,10,2,0,5,3,Neuquén,Patagonia,Neuquén,52,32,10.08,12.195866917872165,7.477301050382767,4.628805412141713,2.848495638241054,16.23642513797401,20.48924203196143,6.0862591338442344,7.71011396011396
2011,62,11992,1963,2483,53,775,18,1107,16,115,62,27,13,4,1,4,4,Río Negro,Patagonia,Río Negro,75,40,9.135,11.488766155220809,9.589726484322881,6.2541694462975315,3.33555703802535,16.369246164109406,20.797386715805345,6.472356773008184,9.243486973947896
2011,66,27913,4937,9788,715,1881,85,2725,373,392,182,90,18,56,18,7,21,Salta,NOA,Salta,243,149,18.95916666666667,23.209377271416116,14.043635581986887,8.705621036792891,5.338014545193995,17.687099201089097,35.98794028972719,6.7593790426908145,9.894698620188816
2011,70,14395,2460,5024,12,983,9,1151,3,143,55,48,2,17,2,13,6,San Juan,Cuyo,San Juan,84,59,10.053333333333333,13.897600017529232,9.934004862799583,5.835359499826329,4.098645362973254,17.08926710663425,34.93012584300911,6.8330321145558175,7.997498610339076
2011,74,7781,1412,2400,571,531,17,700,15,96,57,23,1,2,0,8,5,San Luis,Cuyo,San Luis,72,24,7.806666666666667,10.654149181197742,12.33774579102943,9.253309343272074,3.0844364477573576,18.146767767639123,33.287101248266296,6.839258114374035,9.013649240278134
2011,78,5964,882,1775,129,324,91,455,101,58,30,10,9,1,3,3,2,Santa Cruz,Patagonia,Santa Cruz,31,27,8.035,9.616699530331008,9.725016767270288,5.197853789403085,4.527162977867204,14.788732394366196,30.41988003427592,5.516771666950452,7.760532150776053
2011,82,54057,9424,17193,667,4109,47,5228,100,584,308,150,46,12,27,14,27,Santa Fe,Centro,Santa Fe,389,195,6.310833333333333,9.35915944416213,10.803411214088833,7.1961078121242394,3.6073034019645926,17.433449876981705,32.202659674096275,7.607850398074431,9.689196953129343
2011,86,18060,3761,9046,52,1147,235,1774,188,212,115,37,20,17,11,2,10,Santiago del Estero,NOA,Santiago del Estero,138,74,16.985,21.982467469133184,11.738648947951274,7.641196013289036,4.097452934662237,20.825027685492802,50.23322967569969,6.434782608695652,9.926141450313338
2011,90,29902,5317,11346,192,2216,216,2763,701,423,279,90,4,31,9,1,9,Tucumán,NOA,Tucumán,312,111,13.006666666666666,16.172305663694626,14.146210955788911,10.43408467661026,3.7121262791786505,17.78141930305665,38.189161898350726,7.464798221383817,9.462004725865553
2011,94,2552,357,216,5,143,0,221,6,18,8,5,1,3,0,0,1,Tierra del Fuego,Patagonia,Tierra del Fuego,10,8,14.136666666666667,14.626182764891242,7.053291536050157,3.9184952978056424,3.134796238244514,13.989028213166144,8.480565371024735,5.603448275862069,8.680282796543597
2012,02,43733,3026,7800,332,3113,478,3487,1159,365,186,111,2,20,6,5,35,CABA,Centro,Ciudad Autónoma de Buenos Aires,262,103,5.816666666666667,6.853188377993707,8.346100198934444,5.99089932087897,2.3552008780554727,6.919260055335788,17.971936130503906,7.196855854814473,8.190444872457368
2012,06,282031,37673,84019,14670,20302,7954,24023,9655,3218,1499,846,221,290,147,81,134,Buenos Aires,Centro,Buenos Aires,2132,1086,7.841666666666667,10.910797825718191,11.410093216703128,7.559452684279388,3.850640532423741,13.357751452854474,31.425301371553815,7.4074074074074066,8.819793227009722
2012,10,6324,1264,1687,79,424,16,337,52,56,33,13,6,2,0,1,1,Catamarca,NOA,Catamarca,37,19,10.625,13.635820948332416,8.855154965211891,5.850727387729285,3.004427577482606,19.987349778621123,27.01361088871097,6.721623335447051,5.373086734693878
2012,14,56864,7959,10748,432,3877,375,4261,459,549,234,179,54,14,7,34,27,Córdoba,Centro,Córdoba,357,192,5.675,8.409956100730382,9.654614518851998,6.278137310073157,3.376477208778841,13.996553179516038,19.045931386447407,6.86328311706704,7.554294832018438
2012,18,19639,4049,6581,2632,1439,160,1681,894,282,165,64,9,14,9,12,9,Corrientes,NEA,Corrientes,212,70,14.583333333333332,19.033338411124316,14.35918325780335,10.794846988135854,3.5643362696674985,20.61713936554814,38.69583112835891,7.3874428872118685,8.967724726593758
2012,22,22041,5444,9230,348,1599,261,1946,434,293,116,72,22,27,18,15,23,Chaco,NEA,Chaco,165,128,16.96666666666667,21.784552283342354,13.293407740120683,7.486048727371716,5.807359012748967,24.699423801097954,42.54828746600286,7.341597796143251,9.00634053778868
2012,26,9696,1430,1902,200,605,1,738,1,95,60,24,3,1,0,1,6,Chubut,Patagonia,Chubut,68,27,7.874999999999999,10.151299718040558,9.797854785478549,7.013201320132013,2.7846534653465347,14.748349834983498,20.029486099410278,6.2403300670448685,7.612171222279525
2012,30,21874,4007,6757,98,1584,42,2320,111,237,112,79,13,17,6,3,7,Entre Ríos,Centro,Entre Ríos,158,79,7.708333333333334,11.111359103343418,10.834781018560848,7.223187345707233,3.6115936728536164,18.31855170522081,31.029573842762677,7.255404910223525,10.660294996094288
2012,34,12005,2925,5029,989,924,95,944,124,208,110,52,4,19,7,3,13,Formosa,NEA,Formosa,141,67,18.441666666666666,23.626432587549356,17.326114119117037,11.745106205747605,5.5810079133694295,24.36484798000833,45.65177923021061,7.758186397984887,7.945459136436327
2012,38,12908,2406,2891,17,835,5,910,1,155,78,27,11,4,10,16,9,Jujuy,NOA,Jujuy,96,59,14.716666666666667,17.354770627234103,12.008057018903006,7.437248218159281,4.570808800743725,18.6396033467617,22.42649910790474,6.471363248856855,7.050437746959015
2012,42,5373,855,1483,172,361,3,378,1,48,21,18,3,2,1,2,1,La Pampa,Patagonia,La Pampa,30,18,3.658333333333333,5.508427370279107,8.93355667225014,5.583472920156337,3.3500837520938025,15.912897822445563,28.51374735627764,6.722532588454376,7.036485480268056
2012,46,6270,1128,1509,42,356,2,417,6,86,46,22,5,6,2,2,3,La Rioja,NOA,La Rioja,55,31,11.533333333333333,14.706366362026474,13.716108452950559,8.771929824561402,4.944178628389155,17.99043062200957,24.229287090558767,5.679642629227824,6.657088122605365
2012,50,33074,5082,10682,15,2029,8,2035,15,314,139,116,1,16,5,25,12,Mendoza,Cuyo,Mendoza,222,92,7.341666666666667,10.181216033376634,9.493862248291709,6.7122210800024185,2.7816411682892905,15.365543931789322,32.31192716053117,6.1362124236375735,6.1556610907770954
2012,54,25510,5728,11909,1620,1792,444,1957,1997,287,123,69,20,31,25,8,11,Misiones,NEA,Misiones,170,117,14.541666666666668,17.89284927252038,11.250490003920032,6.664053312426499,4.586436691493532,22.453939631517052,49.84930933444956,7.149126306550706,8.323055331093437
2012,58,11136,1754,1903,46,707,0,929,2,77,41,20,8,3,1,2,2,Neuquén,Patagonia,Neuquén,54,23,9.799999999999999,11.883984529491746,6.914511494252873,4.849137931034483,2.0653735632183907,15.750718390804597,17.159603246167716,6.348778735632184,8.343811747799533
2012,62,11810,1866,2188,68,774,14,1065,30,111,59,37,8,3,0,1,3,Río Negro,Patagonia,Río Negro,78,33,8.85,11.186916124336866,9.398814563928875,6.604572396274343,2.7942421676545304,15.80016934801016,18.633963549650826,6.561546286876907,9.04074702886248
2012,66,26518,4741,8381,765,1775,7,2001,307,343,194,61,22,35,14,7,10,Salta,NOA,Salta,240,103,18.508333333333333,22.631943521665505,12.934610453277019,9.050456293838149,3.8841541594388715,17.87842220378611,32.54378130703219,6.695334012296783,7.63419938193888
2012,70,14411,2448,4676,0,929,1,763,2,142,51,52,4,15,2,9,9,San Juan,Cuyo,San Juan,87,55,9.866666666666667,13.652165735638414,9.853584067726041,6.037055027409617,3.816529040316425,16.987023801262925,32.44743598639928,6.446911866759194,5.295301547643834
2012,74,7641,1294,1838,814,544,42,677,46,83,42,21,3,4,1,6,6,San Luis,Cuyo,San Luis,53,30,7.733333333333333,10.510746050301272,10.862452558565632,6.936264886794922,3.9261876717707107,16.934956157570998,26.92251354914311,7.158836689038031,8.913759052007899
2012,78,5818,798,1726,103,361,42,504,99,52,23,17,3,6,1,0,2,Santa Cruz,Patagonia,Santa Cruz,37,15,7.8500000000000005,9.467772586154716,8.9377793056033,6.359573736679271,2.578205568924029,13.716053626675833,30.201224846894135,6.25,8.812729498164016
2012,82,54056,9089,16763,402,4129,44,5276,192,556,307,144,34,23,17,9,22,Santa Fe,Centro,Santa Fe,394,162,6.191666666666666,9.178095175808423,10.285629717330176,7.288737605446204,2.996892111883972,16.814044694391004,31.2427777984866,7.644597496852551,9.795039358384077
2012,86,16182,3436,7466,15,1059,87,1845,43,187,128,21,9,15,4,2,8,Santiago del Estero,NOA,Santiago del Estero,140,47,16.35,21.143277897079297,11.556049932023235,8.6515881844024225,2.9044617476208137,21.233469286861943,46.18049112389435,6.57968313140727,11.431935064130368
2012,90,28989,5258,10315,184,2282,137,2577,679,409,258,92,9,38,4,2,6,Tucumán,NOA,Tucumán,300,109,12.733333333333333,15.792555481335132,14.108799889613302,10.34875297526648,3.7600469143468214,18.137914381317053,35.80975525082451,7.909330375710523,9.10279053338043
2012,94,2708,375,231,4,161,0,167,1,20,12,3,2,0,0,1,2,Tierra del Fuego,Patagonia,Tierra del Fuego,13,7,14.033333333333333,14.702352631549543,7.385524372230428,4.800590841949779,2.58493353028065,13.847858197932053,8.542899408284024,5.945347119645495,6.169190986331732
2013,02,43615,2949,6892,407,3109,303,3430,589,390,196,131,2,22,7,1,31,CABA,Centro,Ciudad Autónoma de Buenos Aires,283,107,5.735,6.766528089150322,8.941877794336811,6.488593373839276,2.453284420497535,6.761435286025449,15.950749861136826,7.1781492427041,7.971923952958676
2013,06,289451,38393,79464,18184,21361,5571,25864,6499,3180,1450,857,210,279,150,86,148,Buenos Aires,Centro,Buenos Aires,2095,1085,7.692500000000001,10.723263044767956,10.986315473085256,7.23783991072755,3.748475562357705,13.264075784847867,29.29364795570416,7.524658306326616,9.140772993299215
2013,10,6570,1328,1606,61,434,19,416,44,64,46,9,5,1,2,1,0,Catamarca,NOA,Catamarca,46,18,10.2625,13.154553966039366,9.741248097412482,7.001522070015221,2.73972602739726,20.2130898021309,24.673528959901674,6.624942756831017,6.374501992031872
2013,14,55965,7709,9958,136,3963,282,4337,349,540,273,153,54,16,5,17,22,Córdoba,Centro,Córdoba,363,177,5.5075,8.225552300238714,9.648887697668185,6.486196730099169,3.1626909675690165,13.774680603948896,17.836608214368876,7.117073433543451,7.798115650172613
2013,18,19899,4216,5977,2821,1416,79,1578,993,296,178,74,6,14,11,5,8,Corrientes,NEA,Corrientes,226,70,14.325,18.645846480746293,14.875119352731293,11.35735464093673,3.5177647117945625,21.18699432132268,34.99824335402272,7.144298688193744,8.346556648682958
2013,22,22296,5437,8542,241,1711,279,2004,481,258,115,62,17,29,8,7,20,Chaco,NEA,Chaco,145,113,16.37,21.03717095397513,11.571582346609258,6.50340868317187,5.068173663437388,24.385540007176175,38.73044661074586,7.771267656810646,9.18633967453587
2013,26,10076,1477,1838,192,607,3,733,2,94,54,27,2,3,2,2,4,Chubut,Patagonia,Chubut,62,32,7.5874999999999995,9.832135843675827,9.329098848749505,6.153235410877332,3.1758634378721715,14.658594680428742,18.595710238769726,6.026010126079619,7.276156442326783
2013,30,22371,3954,6306,94,1679,60,2401,157,206,121,47,20,12,1,2,3,Entre Ríos,Centro,Entre Ríos,138,68,7.5375000000000005,10.852800790163192,9.208350096106566,6.168700549818962,3.0396495462876043,17.67466809708998,28.307222696054225,7.525435883644839,10.808499144683532
2013,34,11957,2917,4815,1054,865,37,1066,50,170,93,34,5,14,9,8,7,Formosa,NEA,Formosa,111,59,17.7975,22.776554664290128,14.217613113657272,9.283265033035041,4.934348080622229,24.395751442669567,44.16215720443915,7.256711409395973,8.952716889224826
2013,38,13165,2583,2463,14,842,1,893,4,156,83,31,8,5,10,10,9,Jujuy,NOA,Jujuy,103,53,14.345,16.936834250777935,11.849601215343714,7.823775161412838,4.025826053930878,19.620205089251805,18.72861379362786,6.396232148283197,6.785198693108427
2013,42,5650,908,1587,194,402,1,419,3,56,36,14,2,1,0,2,1,La Pampa,Patagonia,La Pampa,43,13,3.5925000000000002,5.382091792355077,9.91150442477876,7.610619469026548,2.300884955752212,16.070796460176993,29.087243401759533,7.116303770578863,7.419868956968302
2013,46,6257,1137,1467,61,425,6,427,17,75,46,15,0,11,2,1,0,La Rioja,NOA,La Rioja,54,21,11.18,14.293088407805664,11.986575035959726,8.630334025891003,3.356241010068723,18.171647754514943,23.6765655261459,6.798912174052152,6.842948717948719
2013,50,34525,5445,10261,28,2306,12,2221,19,294,164,76,2,11,3,34,4,Mendoza,Cuyo,Mendoza,213,81,7.2075000000000005,10.086191201563903,8.515568428674873,6.169442433019552,2.346125995655322,15.771180304127444,29.744615473809315,6.681540289166402,6.43656175737553
2013,54,25508,5863,11671,1855,1821,321,2170,1357,265,120,67,8,34,15,6,15,Misiones,NEA,Misiones,169,96,13.9875,17.210866596736324,10.388897600752706,6.625372432178141,3.7635251685745645,22.9849458993257,49.34257810848518,7.229920196926987,8.985135191089395
2013,58,11210,1728,1923,16,689,4,947,5,115,56,40,7,4,1,1,6,Neuquén,Patagonia,Neuquén,74,41,9.52,11.572102141111326,10.258697591436219,6.601248884924175,3.6574487065120427,15.414808206958073,17.178845810255496,6.148491879350348,8.451584114234716
2013,62,12144,1916,2102,69,805,28,1104,67,139,84,35,8,10,1,0,1,Río Negro,Patagonia,Río Negro,99,40,8.565,10.885066093452926,11.445981554677205,8.152173913043478,3.2938076416337285,15.777338603425559,17.407867494824018,6.644106965995378,9.14134304877039
2013,66,27313,5639,7122,71,1891,6,2188,27,386,215,63,24,36,26,9,13,Salta,NOA,Salta,264,122,18.0575,22.054509771914894,14.132464394244499,9.665726943213853,4.466737451030644,20.64584630029656,26.143454959254093,6.924964294869447,8.018764201421973
2013,70,14894,2650,4524,2,1011,0,817,5,183,88,55,4,11,3,16,6,San Juan,Cuyo,San Juan,120,63,9.68,13.406731453747595,12.286826910165168,8.056935678796831,4.229891231368336,17.79239962400967,30.378726833199032,6.78796830938633,5.487272483041171
2013,74,7717,1325,1726,857,546,96,673,95,66,33,17,1,2,0,8,5,San Luis,Cuyo,San Luis,46,20,7.66,10.367342919404802,8.5525463262926,5.960865621355449,2.591680704937152,17.169884670208628,25.160349854227405,7.164414118882037,8.829703489897666
2013,78,5969,889,1338,190,347,45,488,103,57,25,23,3,2,1,0,3,Santa Cruz,Patagonia,Santa Cruz,40,17,7.665000000000001,9.318845641978422,9.549338247612665,6.701289998324677,2.848048249287988,14.893617021276595,23.152794601142066,5.857528696826469,8.319127173542448
2013,82,56379,9198,17125,298,5452,43,5284,198,554,294,160,33,18,16,7,26,Santa Fe,Centro,Santa Fe,406,148,6.0725,8.997030907454718,9.826353784210433,7.201262881569379,2.6250909026410545,16.314585217900284,30.536188727019848,9.677648395342233,9.405314964133781
2013,86,17092,3762,7517,2,1050,110,1825,59,196,109,44,11,5,9,5,13,Santiago del Estero,NOA,Santiago del Estero,135,61,15.715,20.30408832502541,11.467353147671425,7.898432014977768,3.568921132693658,22.01029721507138,43.984786424809826,6.1830173124484755,10.714495391299243
2013,90,29399,5346,9688,165,2262,112,2792,251,386,257,85,10,23,2,2,7,Tucumán,NOA,Tucumán,300,86,12.459999999999999,15.41280529897564,13.12969828905745,10.204428722065376,2.9252695669920747,18.184291982720502,33.13949510843538,7.723563355755113,9.57870179772197
2013,94,2849,317,200,5,173,0,245,1,22,13,5,1,1,2,0,0,Tierra del Fuego,Patagonia,Tierra del Fuego,16,6,13.93,14.778522498207844,7.722007722007723,5.616005616005616,2.106002106002106,11.126711126711127,7.032348804500703,6.0723060723060724,8.60252808988764
2014,02,43716,2857,8284,563,3124,369,3549,730,355,187,111,3,26,6,1,21,CABA,Centro,Ciudad Autónoma de Buenos Aires,246,109,5.653333333333333,6.679867800306936,8.120596577911977,5.627230304693934,2.4933662732180437,6.535364626223808,19.19681134567701,7.206957805615152,8.256176429535197
2014,06,294329,36855,76948,19385,21007,5279,23965,6446,3089,1419,869,198,271,117,96,119,Buenos Aires,Centro,Buenos Aires,2004,1085,7.543333333333334,10.53572826381772,10.49505825114073,6.808707262960836,3.686350988179894,12.52170190501106,27.986790037243946,7.267600761113995,8.324562409034225
2014,10,6840,1380,1428,63,528,64,450,91,63,39,16,1,1,1,3,2,Catamarca,NOA,Catamarca,45,18,9.9,12.673286983746317,9.210526315789473,6.578947368421052,2.631578947368421,20.175438596491226,21.07127047366091,7.792207792207792,6.667654467328493
2014,14,59246,7959,9931,873,4065,239,4590,185,529,289,180,14,7,5,13,21,Córdoba,Centro,Córdoba,358,171,5.34,8.041148499747047,8.928872835296898,6.042602032204706,2.886270803092192,13.433818316848395,17.013002586812394,6.889013167929228,7.771625946055773
2014,18,20933,4221,5322,4033,1476,175,1803,243,333,198,74,11,13,18,6,13,Corrientes,NEA,Corrientes,251,82,14.066666666666666,18.258354550368267,15.907896622557685,11.990636793579515,3.9172598289781684,20.164333826971767,31.49112426035503,7.110511609981694,8.714354760753988
2014,22,22798,5351,8377,233,1862,183,2148,288,292,130,84,22,23,9,7,17,Chaco,NEA,Chaco,178,114,15.773333333333333,20.28978962460791,12.808141065005703,7.807702430037723,5.0004386349679795,23.471357136590928,37.123864391757145,8.233473358390448,9.542425588627276
2014,26,9881,1382,1582,338,601,0,745,1,80,55,15,2,4,0,2,2,Chubut,Patagonia,Chubut,56,24,7.3,9.512971969311097,8.096346523631212,5.667442566541848,2.4289039570893634,13.986438619572919,16.577596143770304,6.082380325877947,7.540485829959515
2014,30,23318,4155,6360,213,1737,77,2566,164,231,135,72,9,8,0,3,4,Entre Ríos,Centro,Entre Ríos,172,59,7.366666666666667,10.594242476982968,9.906509992280641,7.376275838408097,2.5302341538725446,17.818852388712582,27.52650941354685,7.473860849361043,11.08231838991103
2014,34,12531,2982,4523,1079,947,21,1293,21,178,85,52,5,19,5,7,5,Formosa,NEA,Formosa,116,62,17.153333333333332,21.926676741030903,14.204772165030725,9.257042534514405,4.947729630516319,23.796983480967203,39.49528466643381,7.569944044764189,10.335731414868105
2014,38,14025,2719,2560,2,946,0,1096,0,145,85,36,2,3,5,11,3,Jujuy,NOA,Jujuy,113,32,13.973333333333334,16.518897874321766,10.33868092691622,8.057040998217468,2.2816399286987523,19.38680926916221,18.255722741210867,6.745098039215685,7.814616755793226
2014,42,5619,842,1363,219,405,1,444,1,38,21,14,2,0,0,1,0,La Pampa,Patagonia,La Pampa,28,10,3.526666666666667,5.255756214431045,6.762769176009966,4.983093077059975,1.779676098949991,14.984872753158927,25.24074074074074,7.2089711641153436,7.903168387326451
2014,46,6287,1039,1915,158,409,48,482,90,84,59,7,1,7,5,3,2,La Rioja,NOA,La Rioja,60,24,10.826666666666666,13.879810453584856,13.360903451566726,9.543502465404805,3.8174009861619216,16.526165102592653,31.244901288954154,6.555537746433723,7.777957076004519
2014,50,36098,5488,8560,37,2469,20,2415,25,355,170,123,0,27,3,18,14,Mendoza,Cuyo,Mendoza,242,113,7.073333333333333,9.991166369751172,9.834339852623414,6.703972519253144,3.13036733337027,15.203058341182338,23.73755580821386,6.843505737568602,6.694757852133175
2014,54,27511,6380,10178,7036,1971,366,2335,873,267,111,81,12,28,13,8,14,Misiones,NEA,Misiones,176,91,13.433333333333334,16.528883920952268,9.705208825560685,6.397441023590564,3.307767801970121,23.190723710515794,49.70940170940171,7.26100571007552,8.765673098580974
2014,58,11933,1749,1943,11,762,0,1010,3,110,52,41,5,2,0,6,4,Neuquén,Patagonia,Neuquén,74,36,9.24,11.260219752730908,9.218134584764938,6.201290538841867,3.0168440459230705,14.65683398977625,16.297601073645364,6.385653230537165,8.466051969823972
2014,62,12339,1852,2208,86,750,20,1043,65,107,56,30,5,2,3,4,7,Río Negro,Patagonia,Río Negro,69,38,8.28,10.583216062568985,8.671691385039306,5.5920252856795525,3.0796660993597533,15.009320042142798,18.020076715906306,6.08815650620992,8.497637282059637
2014,66,28346,5914,7348,143,2046,0,2325,6,362,188,90,11,37,21,6,9,Salta,NOA,Salta,251,111,17.606666666666666,21.47707602216428,12.770761306709941,8.85486488393424,3.9158964227757003,20.863613913779723,26.05396589015353,7.217949622521696,8.203952011291461
2014,70,15528,2842,5597,1,1017,0,885,0,173,82,56,8,9,4,9,5,San Juan,Cuyo,San Juan,120,53,9.493333333333334,13.161297171856775,11.141164348274085,7.727975270479135,3.413189077794951,18.302421432251418,36.046886069427444,6.549459041731066,5.699381761978362
2014,74,7932,1287,1868,421,548,125,681,131,87,43,25,2,5,2,5,5,San Luis,Cuyo,San Luis,57,30,7.586666666666667,10.22393978850833,10.96822995461422,7.186081694402421,3.7821482602118004,16.225416036308623,24.87019038743177,7.019341616498015,8.729650044866043
2014,78,6156,805,1379,451,335,59,461,113,61,34,12,4,2,3,1,5,Santa Cruz,Patagonia,Santa Cruz,44,17,7.48,9.169918697802128,9.9090318388564,7.147498375568551,2.761533463287849,13.076673164392464,24.171779141104295,5.4945054945054945,7.6286612609630975
2014,82,57798,9183,16221,206,4237,6,5487,112,601,302,188,38,14,14,14,31,Santa Fe,Centro,Santa Fe,415,186,5.953333333333333,8.815966639101013,10.398283677635906,7.180179244956572,3.2181044326793313,15.888093013599086,28.165370190304206,7.331464562569214,9.511839961169088
2014,86,18180,3606,7732,6,1134,32,1861,5,199,113,35,13,12,9,8,9,Santiago del Estero,NOA,Santiago del Estero,135,64,15.080000000000002,19.464898752971525,10.946094609460946,7.425742574257425,3.5203520352035205,19.834983498349835,42.544294046439965,6.248622437734186,10.239339752407153
2014,90,30393,5441,9501,163,2406,97,3021,179,403,260,104,6,22,0,1,10,Tucumán,NOA,Tucumán,322,81,12.186666666666666,15.033055116616147,13.259632152140295,10.594544796499195,2.6650873556411017,17.902148521041028,31.42904399603043,7.941642461050964,9.998676110412392
2014,94,3038,373,198,69,209,2,248,9,25,13,9,1,0,1,1,0,Tierra del Fuego,Patagonia,Tierra del Fuego,18,7,13.826666666666666,14.854692364866144,8.229098090849243,5.924950625411455,2.304147465437788,12.27781435154707,6.668912091613338,6.884057971014493,8.187520633872564
2015,02,41866,2500,8424,465,3043,763,3405,939,267,130,97,3,12,3,4,18,CABA,Centro,Ciudad Autónoma de Buenos Aires,187,80,5.571666666666667,6.59320751146355,6.377490087421775,4.4666316342616925,1.9108584531600823,5.971432666125256,20.34733460544431,7.403352553341605,8.319691157426638
2015,06,287523,33940,68517,22163,20358,8952,23373,6995,2837,1319,798,184,251,121,42,122,Buenos Aires,Centro,Buenos Aires,1866,971,7.394166666666667,10.348193482867485,9.8670367240186,6.489915589361547,3.3771211346570538,11.804273049460392,25.820394935182396,7.30801124309422,8.331788627160213
2015,10,6835,1321,1267,41,482,90,442,144,75,37,21,9,1,2,2,3,Catamarca,NOA,Catamarca,49,26,9.5375,12.192020001453269,10.972933430870519,7.168983174835406,3.803950256035113,19.32699341623994,18.648807771563146,7.146034099332839,6.605888506949634
2015,14,58558,7669,9176,796,4008,207,4582,242,493,246,151,48,7,5,18,18,Córdoba,Centro,Córdoba,354,139,5.172499999999999,7.856744699255381,8.419003381263021,6.045288431981967,2.3737149492810548,13.096417227364324,15.885876527821058,6.868776884714915,7.857191851292955
2015,18,20658,4024,5030,3473,1481,158,1682,239,300,183,66,4,10,22,6,9,Corrientes,NEA,Corrientes,225,75,13.808333333333334,17.87086261999024,14.522218995062445,10.891664246296834,3.6305547487656114,19.47913641204376,29.269711958102995,7.224390243902438,8.237425926832852
2015,22,25952,6062,9426,221,1985,257,2389,294,300,140,72,18,28,14,7,21,Chaco,NEA,Chaco,187,113,15.176666666666666,19.542408295240687,11.55980271270037,7.205610357583231,4.3541923551171395,23.35850801479655,36.6328553107147,7.725238373224362,9.310936160261907
2015,26,9858,1361,1305,348,650,3,785,1,68,41,23,1,1,0,0,2,Chubut,Patagonia,Chubut,50,18,7.012499999999999,9.193808094946366,6.897950902820044,5.0720227226617975,1.8259281801582472,13.806045851085413,13.722397476340694,6.595636732623033,7.963883534543979
2015,30,23572,4070,6253,236,1748,51,2449,183,246,129,77,7,14,4,5,10,Entre Ríos,Centro,Entre Ríos,172,74,7.195833333333334,10.335684163802744,10.436110639742067,7.296792805022909,3.1393178347191584,17.266248090955372,26.795509084676038,7.431656817312189,10.47073410577622
2015,34,12331,2913,4329,1342,929,1,1141,5,155,69,46,8,16,4,1,11,Formosa,NEA,Formosa,98,57,16.509166666666665,21.076798817771675,12.569945665396155,7.947449517476279,4.622496147919877,23.62338820858,39.39393939393939,7.534468775344688,9.256855427551518
2015,38,13265,2519,2173,3,898,2,927,3,142,70,40,4,4,3,11,10,Jujuy,NOA,Jujuy,96,46,13.601666666666667,16.100961497865597,10.704862419901998,7.237090086694309,3.4677723332076895,18.98982284206559,16.38516060925954,6.770715524391163,6.989895943296637
2015,42,5398,761,1212,243,343,0,379,1,48,32,10,2,2,0,1,1,La Pampa,Patagonia,La Pampa,36,12,3.4608333333333334,5.129420636507015,8.89218228973694,6.669136717302705,2.223045572434235,14.097814005187107,23.511154219204656,6.354205261207854,7.022419862886789
2015,46,6274,1029,1315,92,399,40,521,91,71,47,10,2,5,5,1,1,La Rioja,NOA,La Rioja,51,20,10.473333333333333,13.466532499364046,11.316544469238126,8.128785463818936,3.18775900541919,16.401020082881736,21.27143319314138,6.400384985563042,8.426330260391396
2015,50,35476,4997,7640,36,2311,13,2351,24,310,152,94,3,13,3,35,10,Mendoza,Cuyo,Mendoza,206,104,6.939166666666667,9.896141537938439,8.7383019506145,5.806742586537377,2.9315593640771223,14.085578982974406,21.557562076749438,6.516651157544483,6.631501748843507
2015,54,27168,6053,10856,3530,1963,55,2207,106,244,108,73,7,22,8,4,22,Misiones,NEA,Misiones,151,93,12.879166666666666,15.84690124516821,8.9811542991755,5.558009422850412,3.4231448763250882,22.279888103651356,45.92605127337338,7.24006933943127,8.155346981006579
2015,58,11838,1682,1717,43,762,3,951,5,103,62,30,4,5,0,1,1,Neuquén,Patagonia,Neuquén,80,23,8.959999999999999,10.94833736435049,8.700794053049503,6.757898293630681,1.9428957594188208,14.208481162358508,14.557015684612123,6.438529784537389,8.036846108341079
2015,62,12734,1804,2125,117,869,17,1146,30,105,51,38,5,3,2,1,5,Río Negro,Patagonia,Río Negro,72,33,7.995,10.281366031685042,8.24564158944558,5.654154232762682,2.5914873566828964,14.1667975498665,16.842355552032974,6.833372650782417,9.020780856423173
2015,66,28379,5627,6867,19,2037,0,2212,9,334,181,72,14,36,11,10,10,Salta,NOA,Salta,221,113,17.155833333333334,20.89964227241367,11.769266006554142,7.787448465414567,3.9818175411395753,19.828041861940168,24.213681241184766,7.17784277106311,7.796968628833274
2015,70,15168,2544,4280,8,1049,1,910,5,138,71,44,5,9,2,6,1,San Juan,Cuyo,San Juan,95,43,9.306666666666667,12.915862889965958,9.098101265822784,6.2631856540084385,2.834915611814346,16.77215189873418,28.232189973614773,6.9163315091976,6.001450900217635
2015,74,8101,1253,1824,173,599,64,714,66,76,31,24,2,3,0,12,4,San Luis,Cuyo,San Luis,51,25,7.513333333333334,10.08053665761186,9.381557832366374,6.295519071719541,3.086038760646834,15.46722626836193,23.007063572149345,7.453029737464228,8.886123210952086
2015,78,6336,846,1345,586,414,47,521,70,69,35,22,4,5,0,0,3,Santa Cruz,Patagonia,Santa Cruz,52,17,7.295,9.020991753625834,10.890151515151516,8.207070707070708,2.683080808080808,13.352272727272727,23.391304347826086,6.582922563205597,8.31471433131184
2015,82,57439,8941,15130,420,4270,5,5626,295,479,237,146,37,16,14,5,24,Santa Fe,Centro,Santa Fe,327,152,5.8341666666666665,8.634902370747309,8.33928167273107,5.692996047981336,2.6462856247497344,15.566078796636432,26.535014644241393,7.434620608002229,9.84530309393812
2015,86,19061,3775,7968,8,1195,96,2041,33,159,92,23,12,14,9,3,6,Santiago del Estero,NOA,Santiago del Estero,100,59,14.445,18.62570918091764,8.341639997901474,5.246314464088978,3.0953255338124968,19.80483710193589,41.8201857975122,6.301080938571052,10.726298087029642
2015,90,30188,5451,8806,151,2420,104,2999,177,375,236,98,8,24,4,0,5,Tucumán,NOA,Tucumán,295,80,11.913333333333332,14.653304934256655,12.422154498476216,9.772094872134623,2.6500596263415925,18.056843778985026,29.317175483570264,8.044143066081638,9.9930025657259
2015,94,3037,306,174,99,176,0,229,13,23,11,6,2,1,0,1,2,Tierra del Fuego,Patagonia,Tierra del Fuego,16,7,13.723333333333333,14.930862231524445,7.573263088574251,5.268356931182087,2.304906157392163,10.075732630885742,5.922396187882914,5.795192624300297,7.572751322751323
2016,02,40136,2165,6920,557,2896,791,3153,857,302,165,87,2,17,7,2,22,CABA,Centro,Ciudad Autónoma de Buenos Aires,221,81,5.49,6.506547222620165,7.524416982260314,5.506278652581224,2.018138329679091,5.394159856487941,17.48401930316582,7.3605286567543535,8.027190101580997
2016,06,272471,30669,55261,32719,19853,4288,22867,5989,2702,1209,740,191,247,149,54,112,Buenos Aires,Centro,Buenos Aires,1705,997,7.245,10.16065870191725,9.916651680362314,6.2575466746919854,3.659105005670328,11.25587677220695,23.049234208682304,7.402780936897566,8.581067389166998
2016,10,6685,1127,1244,37,465,97,455,147,78,37,25,8,4,0,1,3,Catamarca,NOA,Catamarca,55,23,9.175,11.71075301916022,11.667913238593867,8.227374719521316,3.4405385190725504,16.858638743455497,18.71239470517449,7.058287795992714,6.9593147751606
2016,14,56460,6955,8187,175,4019,166,4566,67,504,248,140,46,20,8,20,22,Córdoba,Centro,Córdoba,350,154,5.005,7.672340898763713,8.926673751328375,6.199078993978037,2.7275947573503365,12.318455543747787,14.545616061117528,7.139304366362312,8.096749596581136
2016,18,20033,3680,4125,4406,1392,206,2016,273,271,169,54,13,13,11,4,7,Corrientes,NEA,Corrientes,195,76,13.55,17.483370689612215,13.527679329106974,9.73393900064893,3.793740328458044,18.369690011481058,26.396621232482243,7.020729308518686,10.20242914979757
2016,22,22023,4877,7221,311,1722,252,2103,398,262,116,72,9,20,16,9,20,Chaco,NEA,Chaco,167,95,14.58,18.795026965873465,11.896653498615086,7.582981428506562,4.313672070108523,22.14503019570449,33.25810611643331,7.909604519774012,9.72485549132948
2016,26,9608,1133,1049,715,661,2,813,4,86,56,23,0,2,0,2,3,Chubut,Patagonia,Chubut,73,13,6.725,8.874644220581636,8.950874271440467,7.597835137385512,1.3530391340549544,11.79225645295587,11.795794445069156,6.8811159691859265,8.465222823823407
2016,30,22195,3641,5127,168,1614,40,2357,58,231,110,62,19,17,1,3,19,Entre Ríos,Centro,Entre Ríos,152,79,7.025,10.077125850622519,10.407749493129083,6.848389276864158,3.5593602162649245,16.40459562964632,23.275979479729422,7.285037237643873,10.647332520215025
2016,34,11369,2654,3560,2069,920,3,1224,6,170,84,32,9,19,11,2,13,Formosa,NEA,Formosa,98,72,15.865,20.226920894512446,14.952942211276278,8.619931392382796,6.333010818893483,23.344181546310143,38.27956989247312,8.094316382192504,10.771803220980376
2016,38,12380,2229,1839,2,798,2,862,7,143,80,42,4,3,2,9,3,Jujuy,NOA,Jujuy,108,35,13.23,15.683025121409429,11.550888529886914,8.723747980613892,2.827140549273021,18.004846526655896,14.857004362578769,6.446921958313136,6.9667825103046965
2016,42,5222,713,1236,293,351,2,375,1,41,17,12,1,5,2,3,1,La Pampa,Patagonia,La Pampa,24,17,3.395,5.003085058582984,7.851397931826886,4.595940252776714,3.2554576790501724,13.653772500957487,25.07608034083993,6.724137931034482,7.182532081976632
2016,46,6182,922,1166,53,395,36,511,69,58,32,17,3,2,0,0,4,La Rioja,NOA,La Rioja,43,15,10.120000000000001,13.053254545143236,9.38207699773536,6.955677774183112,2.4263992235522482,14.914267227434488,19.024310654266603,6.4269443540514155,8.359234418452479
2016,50,33378,4376,6139,40,2247,22,2356,31,266,116,94,1,19,1,28,7,Mendoza,Cuyo,Mendoza,176,90,6.805,9.801116706125708,7.969321109712985,5.272934268080772,2.6963868416322128,13.110432021091736,18.414421980922672,6.7364192349202545,7.0651033076438665
2016,54,25319,5523,10129,2188,1890,6,2195,23,260,101,75,20,44,13,2,5,Misiones,NEA,Misiones,151,109,12.325,15.164918569384152,10.268967968719144,5.963900627986888,4.305067340732257,21.813657727398397,43.78971942414941,7.466519179868052,8.677261227071474
2016,58,11238,1545,1490,90,684,10,910,6,84,42,26,6,2,2,1,5,Neuquén,Patagonia,Neuquén,60,24,8.68,10.636454975970072,7.474639615589963,5.339028296849974,2.135611318739989,13.747997864388681,13.36562612127736,6.091913074456715,8.101851851851851
2016,62,11924,1486,1901,39,736,9,1061,34,84,36,29,5,5,5,3,1,Río Negro,Patagonia,Río Negro,52,32,7.71,9.979516000801102,7.0446159007044615,4.360952700436095,2.6836632002683665,12.462260986246227,15.994951619688683,6.177087704574066,8.923465096719934
2016,66,26273,4909,5673,121,1882,36,2179,203,310,183,71,13,15,11,15,2,Salta,NOA,Salta,210,100,16.705,20.322208522663058,11.799185475583299,7.992996612491912,3.8061888630913865,18.684581128915617,21.69241358213521,7.173076190113199,8.358266206367473
2016,70,14017,2229,3161,1,962,10,793,0,114,59,36,3,7,2,4,3,San Juan,Cuyo,San Juan,81,33,9.120000000000001,12.670428608075138,8.132981379753158,5.7786972961404,2.354284083612756,15.902118855675251,22.55279680365297,6.8679945741415,5.65741599486338
2016,74,7504,1155,1412,370,552,74,707,64,73,44,17,1,2,0,6,3,San Luis,Cuyo,San Luis,52,21,7.4399999999999995,9.93713352671539,9.72814498933902,6.929637526652452,2.798507462686567,15.391791044776118,19.792542753013738,7.429340511440108,9.502688172043012
2016,78,6119,775,1078,17,369,19,561,8,56,27,14,4,2,1,4,4,Santa Cruz,Patagonia,Santa Cruz,39,17,7.11,8.872064809449542,9.151822193168819,6.3735904559568555,2.778231737211963,12.66546821376042,17.66633890527696,6.049180327868853,9.180166912125676
2016,82,55971,7980,13275,239,4103,6,5376,250,460,252,117,37,13,15,2,24,Santa Fe,Centro,Santa Fe,334,126,5.715,8.453838102393602,8.218541744832145,5.967375962552036,2.2511657822801094,14.257383287774026,23.819349745209216,7.331367819172698,9.648068053337163
2016,86,17515,3416,7119,7,1121,11,2172,4,188,107,35,14,13,4,4,11,Santiago del Estero,NOA,Santiago del Estero,124,64,13.81,17.786519608863756,10.73365686554382,7.079646017699115,3.6540108478447046,19.50328290037111,40.6614119259767,6.4042504570383905,12.403632002741134
2016,90,28306,4629,7282,121,2235,47,3654,80,310,185,77,5,34,0,3,6,Tucumán,NOA,Tucumán,226,84,11.64,14.273554751897162,10.951741680209144,7.984172966862149,2.967568713346994,16.35342330248004,25.83643782153628,7.908984748221805,12.945511230780133
2016,94,2829,278,151,17,192,5,255,13,19,9,8,0,1,0,0,1,Tierra del Fuego,Patagonia,Tierra del Fuego,13,6,13.620000000000001,15.007032098182744,6.71615411806292,4.595263343937788,2.1208907741251326,9.826793920113113,5.369843527738265,6.79886685552408,9.055397727272728
2017,02,35840,1884,5378,439,2528,577,2795,732,248,133,77,3,15,1,1,18,CABA,Centro,Ciudad Autónoma de Buenos Aires,176,72,5.408333333333333,6.419886933776779,6.919642857142857,4.910714285714286,2.008928571428571,5.256696428571429,15.191661252506991,7.1689873238238375,7.961148456192321
2017,06,262721,30720,60743,7254,19943,4289,22227,7145,2471,1176,730,146,175,110,30,104,Buenos Aires,Centro,Buenos Aires,1648,823,7.095833333333333,9.973123920967014,9.405414869766787,6.272814126012006,3.132600743754782,11.693012739750534,23.777239330324466,7.716923600792472,8.696825993050991
2017,10,6392,1052,1154,89,498,71,461,96,50,22,18,5,2,1,0,2,Catamarca,NOA,Catamarca,34,16,8.8125,11.229486036867172,7.822277847309137,5.319148936170213,2.5031289111389237,16.458072590738425,18.30874186895129,7.878500237304224,7.322109275730622
2017,14,54804,6550,7179,178,3914,54,4404,80,507,268,129,19,28,15,21,27,Córdoba,Centro,Córdoba,355,152,4.8375,7.487937098272046,9.251149551127654,6.4776293701189696,2.773520181008686,11.951682358951901,13.142093508585656,7.148858447488585,8.047657334990133
2017,18,19987,3641,4028,3797,1407,210,1959,322,255,165,54,8,8,13,3,4,Corrientes,NEA,Corrientes,203,52,13.291666666666666,17.09587875923419,12.758292890378746,10.156601791164256,2.6016910992144893,18.2168409466153,24.87955528103768,7.114324720635082,9.961861174675821
2017,22,23125,4709,7209,226,1878,184,2032,196,253,119,67,15,18,11,6,17,Chaco,NEA,Chaco,159,94,13.983333333333334,18.047645636506243,10.940540540540539,6.875675675675676,4.064864864864865,20.363243243243243,31.481724092755144,8.186216817052438,8.862139648480092
2017,26,9023,998,814,1109,555,2,683,4,61,30,22,0,3,2,2,2,Chubut,Patagonia,Chubut,38,23,6.4375,8.555480346216905,6.760500942037016,4.211459603236174,2.549041338800842,11.060622852709741,10.285569876168815,6.152311273694712,7.5729016520678565
2017,30,21966,3438,4050,316,1591,19,2348,77,181,107,46,7,12,1,3,5,Entre Ríos,Centro,Entre Ríos,140,41,6.854166666666667,9.818567537442295,8.24000728398434,6.373486297004461,1.866520986979878,15.651461349358097,18.706697459584294,7.249282362054039,10.72684910228882
2017,34,11591,2510,3583,1923,884,17,1325,28,186,95,54,2,23,7,0,5,Formosa,NEA,Formosa,133,53,15.220833333333333,19.377042971253218,16.046932965231644,11.47441980847209,4.5725131567595545,21.65473211974808,37.06040546131568,7.637808881976844,11.45896393669463
2017,38,11785,1917,1630,20,715,0,798,5,124,71,32,7,1,1,7,5,Jujuy,NOA,Jujuy,89,35,12.858333333333334,15.26508874495326,10.521849809079338,7.5519728468392024,2.9698769622401358,16.266440390326686,13.854653633659158,6.067034365719135,6.774193548387098
2017,42,4979,630,878,73,351,0,365,0,43,23,13,1,3,0,3,0,La Pampa,Patagonia,La Pampa,28,15,3.3291666666666666,4.876749480658954,8.636272343844146,5.6236192006426995,3.012653143201446,12.653143201446074,17.896453322462293,7.049608355091384,7.330789315123519
2017,46,5895,847,1078,78,421,2,550,40,60,38,14,1,3,1,0,3,La Rioja,NOA,La Rioja,39,21,9.766666666666666,12.639976590922428,10.178117048346056,6.6157760814249365,3.56234096692112,14.36810856658185,18.531889290012032,7.14406923468522,9.393680614859095
2017,50,31420,3778,5298,49,2076,26,2201,32,245,125,73,0,7,4,27,9,Mendoza,Cuyo,Mendoza,172,73,6.670833333333333,9.706091874312976,7.7975811584977714,5.47422024188415,2.323360916613622,12.024188415022278,16.888208855312232,6.612728546856086,7.012233974767428
2017,54,25738,5109,10010,2361,1851,0,2226,8,215,95,66,6,26,4,3,15,Misiones,NEA,Misiones,141,74,11.770833333333332,14.482935893600096,8.353407413163415,5.478281140725775,2.875126272437641,19.850027197140417,42.81986567994182,7.191700986867666,8.65137971239798
2017,58,10397,1225,1399,70,674,0,864,4,74,38,23,5,3,1,3,1,Neuquén,Patagonia,Neuquén,49,25,8.4,10.324572587589653,7.117437722419928,4.712897951332115,2.404539771087814,11.782244878330287,13.54701268519415,6.482639222852746,8.31328778985856
2017,62,11513,1316,1879,90,725,12,1055,24,93,56,25,3,2,3,0,4,Río Negro,Patagonia,Río Negro,70,23,7.425,9.677665969917161,8.07782506731521,6.080083384000695,1.9977416833145138,11.430556761921306,16.44926901864659,6.303799669593949,9.18269649229698
2017,66,27014,4945,5627,387,1836,62,2370,286,297,179,79,10,4,6,13,6,Salta,NOA,Salta,211,86,16.254166666666666,19.744774772912447,10.994299252239578,7.810764788628119,3.183534463611461,18.3053231657659,21.132684868742256,6.812110418521816,8.867105656988926
2017,70,13705,1885,2851,14,872,2,738,3,146,75,49,3,7,4,4,4,San Juan,Cuyo,San Juan,110,36,8.933333333333334,12.424994326184319,10.653046333454943,8.026267785479753,2.6267785479751913,13.75410434148121,20.823898911693814,6.363570021163249,5.386075025543716
2017,74,7225,994,1242,225,572,22,812,30,60,29,24,1,2,0,2,2,San Luis,Cuyo,San Luis,43,17,7.366666666666666,9.79373039581892,8.304498269896195,5.951557093425605,2.352941176470588,13.757785467128029,17.742857142857144,7.941135637928641,11.285615010423905
2017,78,5747,692,956,22,364,2,521,5,48,29,9,3,2,2,2,1,Santa Cruz,Patagonia,Santa Cruz,36,12,6.925000000000001,8.723137865273248,8.352183748042457,6.264137811031842,2.088045937010614,12.041064903427875,16.698689956331876,6.335944299390775,9.073493556252178
2017,82,53206,7157,10117,274,4008,11,5050,113,480,223,151,35,23,15,6,27,Santa Fe,Centro,Santa Fe,323,157,5.595833333333333,8.272773834039898,9.021538924181485,6.070743901063789,2.9507950231176934,13.451490433409766,19.11320184387516,7.534542720180467,9.511611700224135
2017,86,17783,3335,6842,20,1047,2,1785,13,134,71,25,7,8,8,2,13,Santiago del Estero,NOA,Santiago del Estero,87,47,13.175,16.947330036809866,7.535286509587809,4.892312883090592,2.6429736264972163,18.75386605184727,38.51826831053313,5.888307744221359,10.04501969611705
2017,90,27369,4368,6839,154,2144,75,3576,56,316,201,79,4,24,1,2,5,Tucumán,NOA,Tucumán,248,68,11.366666666666667,13.893804569537672,11.54590960575834,9.061346779202747,2.4845628265555924,15.959662391757098,25.12952415947088,7.855206272440829,13.092666495807856
2017,94,2718,230,146,26,207,1,280,6,19,12,2,2,1,0,0,2,Tierra del Fuego,Patagonia,Tierra del Fuego,14,5,13.516666666666667,15.083201964841045,6.990434142752024,5.15084621044886,1.839587932303164,8.462104488594555,5.423476968796434,7.6186970923813035,10.32448377581121
2018,02,35467,1530,4775,548,2468,607,2884,1088,212,115,66,4,14,4,1,8,CABA,Centro,Ciudad Autónoma de Buenos Aires,153,59,5.326666666666667,6.333226644933394,5.977387430569261,4.313869230552344,1.6635182000169173,4.313869230552345,13.674503851771242,7.079747561675273,8.388842025655197
2018,06,251377,28028,41568,36811,18885,5108,21225,5790,2257,1055,623,167,181,120,28,83,Buenos Aires,Centro,Buenos Aires,1491,766,6.946666666666667,9.785589140016778,8.978546167708263,5.931330233076217,3.0472159346320464,11.149786973350784,19.37306003747099,7.668443856108564,8.642558441611323
2018,10,6696,1038,967,75,464,90,485,108,62,33,14,2,6,1,1,5,Catamarca,NOA,Catamarca,43,19,8.45,10.748219054574124,9.25925925925926,6.421744324970132,2.837514934289128,15.50179211469534,14.605044555203142,7.023917650620648,7.361870066788099
2018,14,53569,5952,6592,103,3874,60,4361,20,397,182,133,27,20,12,8,15,Córdoba,Centro,Córdoba,264,133,4.67,7.30353329778038,7.411002632119323,4.928223412794713,2.4827792193246094,11.110903694300807,12.32933078966072,7.239903567624138,8.143942930773685
2018,18,19855,3497,4083,4584,1409,82,1963,355,255,171,52,7,7,4,3,11,Corrientes,NEA,Corrientes,205,50,13.033333333333333,16.708386828856163,12.843112566104256,10.32485520020146,2.5182573659027954,17.61269201712415,26.736952393425444,7.1258787235118595,10.066666666666666
2018,22,24783,4956,8162,316,1958,125,2239,109,234,94,60,23,16,15,9,17,Chaco,NEA,Chaco,125,109,13.386666666666667,17.300264307139024,9.441956179639268,5.043780010491062,4.398176169148206,19.997578985594963,33.35921853925696,7.9406277881417795,9.074329253465185
2018,26,8539,864,513,1094,598,0,686,1,71,42,25,2,0,0,1,1,Chubut,Patagonia,Chubut,54,17,6.15,8.236316471852174,8.314790959128704,6.323925518210563,1.99086544091814,10.118280829136902,6.890530557421087,7.003161962759105,8.034668540641835
2018,30,21283,3111,3474,289,1532,18,2011,40,206,114,64,16,8,2,0,2,Entre Ríos,Centro,Entre Ríos,154,52,6.683333333333334,9.560009224262071,9.679086594934924,7.235822017572711,2.443264577362214,14.617300192642016,16.547585024292655,7.204326357865036,9.46664783693452
2018,34,11809,2581,2685,1785,805,18,1372,19,134,60,33,7,18,3,3,10,Formosa,NEA,Formosa,79,55,14.576666666666668,18.527165047993993,11.347277500211703,6.689812854602422,4.657464645609282,21.856211364213735,26.785714285714285,6.827241116105504,11.636980491942325
2018,38,11807,1861,1588,0,708,0,807,2,108,71,24,1,3,0,7,2,Jujuy,NOA,Jujuy,81,27,12.486666666666668,14.847152368497094,9.147116117557381,6.860337088168036,2.2867790293893453,15.761836198865081,13.449648513593631,5.9964427881765054,6.836086404066073
2018,42,4773,569,565,19,343,0,376,2,44,22,17,2,0,0,2,1,La Pampa,Patagonia,La Pampa,31,13,3.2633333333333336,4.750413902734923,9.218520846427824,6.494866959983239,2.7236538864445845,11.921223549130525,11.884728649558268,7.186256023465326,7.880947390484175
2018,46,5673,736,1011,33,414,12,505,18,58,27,18,0,4,0,4,5,La Rioja,NOA,La Rioja,37,21,9.413333333333334,12.22669863670162,10.223867442270404,6.522122333862154,3.7017451084082498,12.973735237087961,17.925531914893618,7.3131955484896665,8.930150309460656
2018,50,30089,3371,4658,42,2032,22,2201,27,248,123,84,1,5,3,20,12,Mendoza,Cuyo,Mendoza,183,65,6.536666666666667,9.611067042500244,8.242214762870152,6.0819568613114425,2.160257901558709,11.203429824852936,15.502379605285052,6.7582399308211665,7.321535493313817
2018,54,24858,4737,9001,2332,1828,6,2180,15,182,77,53,7,17,3,5,20,Misiones,NEA,Misiones,114,68,11.216666666666667,13.80095321781604,7.321586611955909,4.586048756939416,2.7355378550164935,19.05623944001931,39.958270443043595,7.355544825366167,8.775107676206577
2018,58,10122,1065,1187,101,618,0,837,2,62,28,22,1,3,1,4,3,Neuquén,Patagonia,Neuquén,42,20,8.120000000000001,10.012690199209235,6.12527168543766,4.149377593360996,1.9758940920766646,10.52163604030824,11.845125237002295,6.1055127445168935,8.270750988142291
2018,62,10671,1098,1641,106,700,47,1167,49,89,47,29,8,1,0,2,2,Río Negro,Patagonia,Río Negro,68,21,7.140000000000001,9.37581593903322,8.34036172804798,6.372411207946771,1.967950520101209,10.289569862243464,15.532418362517747,6.588855421686747,10.986631519487855
2018,66,25206,4449,5298,184,1856,59,2236,373,251,147,66,9,6,6,8,9,Salta,NOA,Salta,181,70,15.803333333333335,19.167341023161836,9.957946520669681,7.180829961120368,2.7771165595493135,17.650559390621282,21.173367436655745,7.38060205988786,9.004147706680627
2018,70,13498,1900,2725,2,967,6,895,0,123,74,33,3,4,1,6,2,San Juan,Cuyo,San Juan,89,34,8.746666666666666,12.1795600442935,9.11246110534894,6.593569417691509,2.5188916876574305,14.076159431026818,20.19116775340842,7.167210198636228,6.6306119425100025
2018,74,7050,872,974,404,509,56,753,69,62,33,18,1,2,1,6,1,San Luis,Cuyo,San Luis,40,22,7.293333333333333,9.650327264922451,8.794326241134751,5.673758865248227,3.120567375886525,12.368794326241135,14.65543183869997,7.277666571346869,10.786420283626988
2018,78,5111,558,884,14,281,0,353,1,39,24,8,4,1,0,2,0,Santa Cruz,Patagonia,Santa Cruz,28,11,6.74,8.574210921096954,7.630600665231853,5.478379964781843,2.15222070045001,10.917628644100958,17.343535412988032,5.497945607513207,6.908023483365949
2018,82,51413,6496,9500,825,4009,18,5188,66,434,223,108,32,21,13,9,28,Santa Fe,Centro,Santa Fe,298,136,5.476666666666667,8.091709565686193,8.441444770777819,5.7961994048197925,2.645245365958026,12.634936689164219,18.779157112358664,7.800369685767097,10.103803532825676
2018,86,18074,3223,7109,387,1242,4,1870,1,175,80,45,20,15,5,1,9,Santiago del Estero,NOA,Santiago del Estero,106,69,12.540000000000001,16.108140464755984,9.682416731216112,5.864778134336616,3.8176385968794952,17.83224521411973,40.193362356533044,6.873270614277809,10.346926354230067
2018,90,27915,4209,6673,119,2194,118,3391,48,312,181,85,4,27,1,4,10,Tucumán,NOA,Tucumán,232,80,11.093333333333334,13.514054387178179,11.176786673831273,8.31094393695146,2.865842736879814,15.07791509940892,24.00705137429846,7.892938086843904,12.16851473068504
2018,94,2688,216,115,23,201,1,256,2,20,11,4,1,1,1,1,1,Tierra del Fuego,Patagonia,Tierra del Fuego,14,6,13.413333333333334,15.159371831499346,7.44047619047619,5.208333333333333,2.232142857142857,8.035714285714286,4.315196998123827,7.480461481205805,9.530900967982129
2019,02,33981,1173,3086,11170,2769,151,2792,267,248,128,84,1,12,3,3,17,CABA,Centro,Ciudad Autónoma de Buenos Aires,173,75,5.245,6.246566356090008,7.298196050734234,5.091080309584768,2.207115741149466,3.4519290191577645,13.528560782078822,8.185042861365652,8.281426113780626
2019,06,227596,23195,38281,16742,17440,3559,20036,3704,2064,967,563,154,172,81,43,84,Buenos Aires,Centro,Buenos Aires,1371,693,6.797499999999999,9.598054359066543,9.068700680152551,6.023831701787378,3.044868978365173,10.191303889347791,18.155216405664586,7.784428464941059,8.948957533096316
2019,10,5733,780,657,62,435,55,390,134,60,31,18,0,3,3,1,4,Catamarca,NOA,Catamarca,39,21,8.0875,10.266952072281075,10.465724751439037,6.802721088435374,3.663003663003663,13.60544217687075,11.58525833186387,7.6611482916519895,6.965529558849795
2019,14,50929,5223,5663,301,3654,53,4127,82,382,205,110,23,19,7,5,13,Córdoba,Centro,Córdoba,275,107,4.5024999999999995,7.1191294972887125,7.500638143297532,5.399674056038799,2.1009640872587325,10.2554536707966,11.185509994469465,7.182168409466152,8.11650638189077
2019,18,18144,3005,3084,3742,1412,34,1775,28,218,125,65,8,7,3,2,8,Corrientes,NEA,Corrientes,173,45,12.775,16.320894898478137,12.014991181657848,9.534832451499117,2.4801587301587302,16.561948853615522,21.413692542702403,7.796797349530646,9.797968646500332
2019,22,22176,3921,6878,197,1810,172,2181,187,276,112,90,12,20,18,9,15,Chaco,NEA,Chaco,185,91,12.79,16.5528829777718,12.445887445887445,8.342352092352092,4.103535353535354,17.681277056277057,31.293507438918965,8.225777131430648,9.918595661467098
2019,26,7861,727,430,1044,507,3,662,1,61,36,17,4,3,1,0,0,Chubut,Patagonia,Chubut,49,12,5.8625,7.917152597487444,7.759826994021117,6.233303650934996,1.5265233430861214,9.248187253530086,6.307760011735368,6.452023415627386,8.422391857506362
2019,30,19232,2491,3060,156,1523,45,1478,122,189,99,58,7,4,3,6,12,Entre Ríos,Centro,Entre Ríos,136,53,6.5125,9.301450911081847,9.827371048252912,7.071547420965058,2.7558236272878536,12.952371048252912,16.041098762843365,7.9376661281075735,7.734170591313448
2019,34,10250,1994,1783,1798,809,7,1287,11,139,68,31,2,15,7,5,11,Formosa,NEA,Formosa,80,59,13.932500000000001,17.677287124734768,13.560975609756097,7.804878048780488,5.7560975609756095,19.453658536585365,21.095598674869855,7.898076735331445,12.569586873718135
2019,38,10352,1362,1187,7,684,0,748,4,102,62,29,2,2,1,3,3,Jujuy,NOA,Jujuy,75,27,12.115,14.429215992040925,9.853168469860895,7.244976816074188,2.608191653786708,13.156877897990727,11.474142097631706,6.60741885625966,7.2284499420177815
2019,42,4290,434,459,8,325,0,336,1,39,27,6,2,1,1,1,1,La Pampa,Patagonia,La Pampa,27,12,3.1975,4.624078324810892,9.09090909090909,6.293706293706294,2.797202797202797,10.116550116550115,10.719290051377861,7.575757575757576,7.833993937980881
2019,46,5320,583,904,18,397,10,479,23,55,36,11,1,3,0,2,2,La Rioja,NOA,La Rioja,33,22,9.06,11.81342068248081,10.338345864661653,6.203007518796992,4.135338345864661,10.958646616541353,17.050169747265183,7.476459510357815,9.04285444591278
2019,50,27403,2666,3612,27,1870,1,2067,10,227,116,78,8,6,1,10,8,Mendoza,Cuyo,Mendoza,161,66,6.4025,9.516042210687512,8.283764551326497,5.875269131117031,2.408495420209466,9.728861803452176,13.194038573933373,6.824319392745055,7.545723359982477
2019,54,23013,4184,7752,1669,1751,0,2063,10,220,88,75,6,30,4,5,12,Misiones,NEA,Misiones,121,99,10.6625,13.118970542031985,9.559814018163648,5.257897709990005,4.301916308173642,18.181028114543953,36.31934032983508,7.608742884456611,8.968395426683475
2019,58,9456,892,961,55,595,9,804,41,51,18,24,6,1,0,2,0,Neuquén,Patagonia,Neuquén,36,15,7.84,9.700807810828817,5.393401015228426,3.8071065989847717,1.5862944162436547,9.4331641285956,10.22231677481119,6.298295755266222,8.539564524694637
2019,62,9810,899,1443,103,711,28,944,61,77,41,21,8,1,0,3,3,Río Negro,Patagonia,Río Negro,53,24,6.855,9.073965908149278,7.8491335372069315,5.402650356778797,2.4464831804281344,9.164118246687055,14.865560935407437,7.268452259251687,9.683044414811775
2019,66,22972,3691,4513,178,1790,41,2012,370,244,136,53,12,5,9,17,12,Salta,NOA,Salta,167,77,15.3525,18.58990727341122,10.62162632770329,7.2697196587149575,3.3519066689883337,16.067386383423298,19.799069930683512,7.806026775980114,8.90186709140784
2019,70,12554,1694,2588,7,891,4,810,6,117,60,34,4,5,2,8,4,San Juan,Cuyo,San Juan,80,37,8.56,11.934125762402681,9.31973872869205,6.372470925601402,2.9472678030906487,13.493707184960968,20.62644456842273,7.099601593625499,6.45521198597386
2019,74,6610,756,645,659,501,210,693,200,57,24,21,2,0,0,4,6,San Luis,Cuyo,San Luis,37,20,7.22,9.50692413402598,8.623298033282904,5.597579425113464,3.0257186081694405,11.437216338880484,10.838514535372207,7.828125,10.811232449297972
2019,78,4732,462,725,44,315,0,418,3,35,25,6,0,1,0,1,2,Santa Cruz,Patagonia,Santa Cruz,23,12,6.555,8.425283976920662,7.396449704142012,4.860524091293322,2.53592561284869,9.763313609467456,15.465017064846418,6.656804733727811,8.839078029181644
2019,82,47088,5334,8389,229,3680,42,4626,144,385,177,108,37,20,16,2,25,Santa Fe,Centro,Santa Fe,248,137,5.3575,7.910645297332487,8.176180767923887,5.2667346245327895,2.9094461433910976,11.327726809378186,17.902644102520327,7.822131530842155,9.854294478527608
2019,86,16972,2756,6526,148,1149,5,1678,8,112,65,25,5,9,3,0,5,Santiago del Estero,NOA,Santiago del Estero,77,35,11.905000000000001,15.268950892702097,6.599104407259015,4.536884279990573,2.0622201272684424,16.238510487862364,38.78982406086543,6.771969116520305,9.891535015326573
2019,90,25189,3254,5720,112,2015,90,2956,25,335,204,74,7,34,5,3,8,Tucumán,NOA,Tucumán,250,85,10.82,13.134304204818687,13.299456111794832,9.924967247608084,3.3744888641867483,12.918337369486679,22.809745982374288,8.0282082951512,11.746940073120332
2019,94,2398,155,115,13,175,0,256,11,17,11,4,0,1,0,0,1,Tierra del Fuego,Patagonia,Tierra del Fuego,13,4,13.31,15.235541698157647,7.089241034195163,5.42118432026689,1.6680567139282736,6.46371976647206,4.821802935010482,7.297748123436197,10.724759111855885
2020,02,28103,895,3044,4725,2010,153,2283,68,138,67,52,2,2,0,0,15,CABA,Centro,Ciudad Autónoma de Buenos Aires,83,55,5.163333333333333,6.159906067246622,4.910507774970644,2.9534213429171263,1.9570864320535173,3.1847133757961785,13.020788775772093,7.191413237924865,8.143392188336009
2020,06,191474,17000,27371,21276,13442,10131,15110,11332,1574,833,444,85,69,49,22,72,Buenos Aires,Centro,Buenos Aires,1159,415,6.648333333333333,9.410519578116308,8.22043723952077,6.053041143967327,2.1673960955534435,8.87849002997796,16.081857601146897,7.4124724968705715,8.387827380621953
2020,10,4950,550,430,61,344,87,361,166,48,28,15,1,1,1,0,2,Catamarca,NOA,Catamarca,39,9,7.725,9.785685089988025,9.696969696969697,7.878787878787879,1.8181818181818181,11.11111111111111,8.795254653303335,7.073822743162657,7.545986622073579
2020,14,44348,3946,5271,557,3012,286,3388,304,313,165,96,36,1,1,9,5,Córdoba,Centro,Córdoba,230,83,4.335,6.934725696797045,7.057815459547218,5.186254171552268,1.871561287994949,8.897808243889239,12.036719873946701,6.835822250465254,7.6923076923076925
2020,18,16547,2308,2429,3484,1226,73,1454,32,180,120,37,8,3,5,0,7,Corrientes,NEA,Corrientes,140,40,12.516666666666666,15.933402968100113,10.8781047924095,8.460748171874055,2.4173566205354446,13.948147700489516,18.594503559672358,7.4420298652422,8.804117468967606
2020,22,18488,2856,5229,280,1408,169,1629,132,184,76,71,13,8,4,4,8,Chaco,NEA,Chaco,134,50,12.193333333333333,15.805501648404576,9.9524015577672,7.247944612721766,2.7044569450454348,15.447858070099524,28.718145869947275,7.686009061630002,8.874482458051864
2020,26,6991,546,423,837,446,0,559,6,42,24,11,4,0,0,2,1,Chubut,Patagonia,Chubut,27,15,5.574999999999999,7.597988723122713,6.007724216850236,3.862108425118009,2.145615791732227,7.810041481905307,6.873578160545986,6.379630954083821,8.00286327845383
2020,30,17012,1936,2471,142,1152,65,1183,161,138,69,43,9,6,2,1,8,Entre Ríos,Centro,Entre Ríos,102,36,6.341666666666667,9.042892597901623,8.111920996943333,5.995767693392899,2.116153303550435,11.380202210204562,14.647302904564317,6.797663303239511,7.020354875081597
2020,34,9218,1600,1709,2684,728,5,1168,20,151,87,37,5,12,7,1,2,Formosa,NEA,Formosa,109,42,13.288333333333334,16.82740920147554,16.38099370796268,11.824690822304188,4.556302885658495,17.35734432631807,26.15549433731252,7.901877781395854,12.698412698412698
2020,38,9145,1010,1059,3,578,0,665,6,82,52,14,3,1,0,7,5,Jujuy,NOA,Jujuy,62,20,11.743333333333332,14.011279615584755,8.96664844177146,6.779661016949152,2.1869874248223073,11.044286495352653,11.583898490483483,6.320393657736469,7.276507276507277
2020,42,3743,277,299,1,263,0,300,9,30,20,6,2,1,0,1,0,La Pampa,Patagonia,La Pampa,20,10,3.131666666666667,4.497742746886861,8.014961261020572,5.343307507347047,2.6716537536735236,7.400480897675661,7.990379476215927,7.026449372161368,8.034279592929835
2020,46,4562,427,769,46,356,2,436,9,38,21,10,1,1,0,3,2,La Rioja,NOA,La Rioja,28,10,8.706666666666667,11.40014272826,8.329679964927664,6.137658921525646,2.1920210434020166,9.35992985532661,17.028343666961913,7.80701754385965,9.576103667911267
2020,50,23455,1940,2717,12,1557,3,1650,13,178,93,70,5,1,1,2,6,Mendoza,Cuyo,Mendoza,132,46,6.2683333333333335,9.421017378874781,7.589000213174163,5.6277979108932,1.9612023022809637,8.271157535706672,11.589813590410783,6.6390926147023706,7.038648579472741
2020,54,21137,3333,6795,1524,1472,18,1750,29,193,96,68,5,8,5,5,6,Misiones,NEA,Misiones,136,57,10.108333333333334,12.436987866247929,9.130907886644273,6.43421488385296,2.6966930027913136,15.768557505795524,34.64538826288686,6.970026989914295,8.290695470911501
2020,58,8141,689,825,90,486,8,678,45,42,19,15,4,0,1,1,2,Neuquén,Patagonia,Neuquén,27,15,7.56,9.388925422448397,5.159071367153913,3.316545878884658,1.8425254882692546,8.463333742783442,10.247174264066576,5.975654739948358,8.374505928853756
2020,62,8689,729,1036,974,607,15,868,43,66,39,20,3,1,2,0,1,Río Negro,Patagonia,Río Negro,51,15,6.57,8.772115877265335,7.595810795258373,5.869490159972379,1.7263206352859939,8.38991828748993,13.428386260531433,6.997924832833756,10.039324543141337
2020,66,18026,2521,3179,226,1310,43,1554,376,224,119,61,12,3,7,12,10,Salta,NOA,Salta,167,57,14.901666666666667,18.01247352366061,12.426495062687229,9.264395872628427,3.162099190058804,13.985354487961832,17.85955056179775,7.284657732302731,8.804532577903682
2020,70,10942,1347,1937,0,723,1,625,0,95,58,25,2,1,0,5,4,San Juan,Cuyo,San Juan,79,16,8.373333333333333,11.688691480511862,8.68214220435021,7.2198866751964905,1.4622555291537196,12.310363736062877,17.702430999817217,6.608171099533863,5.711935660756717
2020,74,5993,616,523,138,520,7,705,8,48,29,18,0,0,0,0,1,San Luis,Cuyo,San Luis,41,7,7.1466666666666665,9.36352100312951,8.009344234940764,6.841314867345236,1.1680293675955282,10.278658434840647,8.932536293766011,8.686936184430337,11.779448621553884
2020,78,4126,357,580,30,261,3,301,2,36,24,6,4,1,1,0,0,Santa Cruz,Patagonia,Santa Cruz,27,9,6.37,8.276357032744368,8.72515753756665,6.543868153174988,2.1812893843916625,8.652447891420262,14.16015625,6.330341983992238,7.2987390882638215
2020,82,39662,4056,7706,227,3077,63,3924,159,332,174,100,18,9,9,4,18,Santa Fe,Centro,Santa Fe,239,93,5.238333333333333,7.729581028978782,8.370732691240987,6.0259190156825175,2.3448136755584694,10.226413191467904,19.541016863192596,7.7703982423798585,9.93342277801686
2020,86,13675,1830,5539,36,872,4,1376,19,109,52,31,5,6,6,4,5,Santiago del Estero,NOA,Santiago del Estero,66,43,11.27,14.42976132064821,7.970749542961609,4.826325411334552,3.1444241316270567,13.382084095063984,40.611481780189166,6.37846536464048,10.076157000585823
2020,90,21640,2320,4898,69,1756,81,2741,286,224,152,56,5,0,4,0,7,Tucumán,NOA,Tucumán,176,48,10.546666666666667,12.754554022459194,10.351201478743068,8.133086876155268,2.2181146025878,10.720887245841034,22.70641138565667,8.145090217542558,12.83600262245949
2020,94,1886,112,75,13,118,3,167,7,14,11,2,0,0,0,1,0,Tierra del Fuego,Patagonia,Tierra del Fuego,10,4,13.206666666666667,15.311711564815948,7.423117709437964,5.302226935312832,2.1208907741251326,5.938494167550371,4.00427122263748,6.2665958576739245,8.887706226716338
2021,02,26044,650,2753,2179,1745,45,2091,54,121,61,44,1,6,2,0,7,CABA,Centro,Ciudad Autónoma de Buenos Aires,86,35,5.081666666666667,6.073245778403237,4.645983719858701,3.3021041314698203,1.3438795883888806,2.495776378436492,11.535721768279908,6.711796607561829,8.045402077722201
2021,06,190096,14761,25440,28602,13429,11542,16003,10140,1505,740,447,65,76,57,33,87,Buenos Aires,Centro,Buenos Aires,1049,456,6.4991666666666665,9.222984797166072,7.917052436663581,5.518264455853885,2.3987879808096966,7.765023987879808,15.752907228751534,7.520974047066993,8.89272933383716
2021,10,4764,460,520,34,358,52,365,87,36,24,9,2,0,0,0,1,Catamarca,NOA,Catamarca,27,9,7.362500000000001,9.304418107694978,7.556675062972292,5.6675062972292185,1.889168765743073,9.655751469353484,10.993657505285412,7.5976230899830215,7.804147958092794
2021,14,44159,3503,5250,30,3177,74,3528,101,293,168,82,23,2,1,9,8,Córdoba,Centro,Córdoba,193,100,4.1675,6.750321896305378,6.635114019792115,4.370569985733373,2.2645440340587424,7.932697751307774,11.89693852115389,7.20653283429738,8.007626310772164
2021,18,15743,2025,2113,3204,1094,2,1268,5,177,107,48,6,5,1,2,8,Corrientes,NEA,Corrientes,137,40,12.258333333333333,15.545911037722089,11.243092167947658,8.702280378580957,2.540811789366703,12.862859683668932,16.851423558497487,6.950003176418271,8.05693226585335
2021,22,18673,2786,5208,318,1627,127,1693,106,178,80,63,7,5,9,6,8,Chaco,NEA,Chaco,126,52,11.596666666666668,15.058120319037355,9.532480051411127,6.7477105981899,2.784769453221229,14.91993787821989,28.37374012530646,8.772781192710017,9.118328216728605
2021,26,6426,463,419,881,416,0,512,1,59,32,18,3,0,1,2,3,Chubut,Patagonia,Chubut,46,13,5.2875,7.278824848757983,9.181450357920946,7.158418923124805,2.023031434796141,7.205104263927793,7.556357078449054,6.47370059134765,7.968871595330739
2021,30,16402,1654,3249,136,1142,22,1213,222,156,84,49,9,3,2,1,8,Entre Ríos,Centro,Entre Ríos,110,46,6.170833333333333,8.784334284721398,9.511035239604926,6.70649920741373,2.804536032191196,10.084136080965736,19.974179269642196,6.971916971916972,7.496909765142151
2021,34,8818,1472,1755,2458,654,2,1107,7,102,59,25,3,4,5,1,5,Formosa,NEA,Formosa,75,27,12.644166666666667,15.977531278216311,11.5672488092538,8.505330006804265,3.061918802449535,16.6931276933545,27.594339622641513,7.418330308529946,12.563840653728295
2021,38,8434,742,901,0,583,0,703,3,84,57,22,1,1,1,0,2,Jujuy,NOA,Jujuy,69,15,11.371666666666666,13.593343239128588,9.959686981266303,8.18117144889732,1.7785155323689827,8.797723500118568,10.682949964429689,6.912497035807447,8.338275412169375
2021,42,3573,260,287,3,229,0,276,3,17,10,3,1,1,0,1,1,La Pampa,Patagonia,La Pampa,10,7,3.0658333333333334,4.371407168962831,4.757906521130702,2.7987685418415897,1.9591379792891126,7.276798208788134,8.03921568627451,6.409179960817241,7.73109243697479
2021,46,4605,380,718,19,335,7,436,10,49,35,12,0,2,0,0,0,La Rioja,NOA,La Rioja,34,15,8.3533333333333335,10.98686477403919,10.640608034744842,7.38327904451683,3.257328990228013,8.251900108577633,15.656345399040559,7.285776424532406,9.488574537540805
2021,50,22903,1717,2432,26,1566,11,1688,20,160,80,56,5,2,1,6,10,Mendoza,Cuyo,Mendoza,121,39,6.134166666666667,9.325992547062048,6.985984368859975,5.2831506789503555,1.7028336899096188,7.49683447583286,10.630764523320366,6.840817752926787,7.376655158851548
2021,54,20584,3157,6453,1094,1544,1,1828,28,172,82,56,11,9,2,5,7,Misiones,NEA,Misiones,113,59,9.554166666666667,11.755005190463873,8.356004663816556,5.489700738437621,2.866303925378935,15.337155071900504,33.10928681375064,7.501336054025167,8.8927806966335865
2021,58,7769,555,777,59,485,2,677,27,37,17,14,4,0,0,1,1,Neuquén,Patagonia,Neuquén,25,12,7.28,9.077043034067978,4.762517698545501,3.217917363882096,1.5446003346634058,7.143776547818252,10.077821011673151,6.244367194541007,8.744510462412814
2021,62,8033,578,931,1043,531,43,792,87,69,39,22,4,1,0,0,3,Río Negro,Patagonia,Río Negro,47,22,6.285,8.470265846381395,8.589568031868543,5.850865181127848,2.7387028507406943,7.195319307855098,13.319027181688126,6.645807259073842,9.96727913415555
2021,66,20366,2481,3835,203,1466,51,1809,388,178,94,49,8,3,7,7,10,Salta,NOA,Salta,125,53,14.450833333333334,17.43503977391,8.740056957674556,6.137680447805166,2.6023765098693903,12.182068152803692,19.019987105093488,7.216342603987201,9.054960456502153
2021,70,11147,1245,1761,0,795,0,725,0,81,47,23,3,1,0,2,5,San Juan,Cuyo,San Juan,67,14,8.186666666666667,11.443257198621044,7.266529110971562,6.010585807840674,1.255943303130887,11.168924374271104,15.797972548667802,7.131963757064681,6.503992105499237
2021,74,6007,541,587,183,459,24,645,26,59,34,15,2,2,0,4,2,San Luis,Cuyo,San Luis,40,19,7.073333333333333,9.22011787223304,9.821874479773598,6.65889795238888,3.162976527384718,9.00615948060596,10.078983516483516,7.67173658699649,10.78414980772446
2021,78,3536,293,559,8,237,0,299,3,26,13,8,3,0,0,0,2,Santa Cruz,Patagonia,Santa Cruz,21,5,6.1850000000000005,8.127430088568074,7.352941176470588,5.938914027149321,1.4140271493212668,8.286199095022624,15.844671201814059,6.702488687782806,8.463062553071046
2021,82,43310,4190,8508,239,3346,7,4286,50,339,180,110,17,4,8,3,17,Santa Fe,Centro,Santa Fe,253,86,5.119166666666667,7.548516760625077,7.827291618563843,5.841607019164165,1.9856845993996768,9.67444008312168,19.753430382391866,7.726947324665727,9.907535829865926
2021,86,13623,1650,6972,71,852,0,1410,14,92,54,22,4,3,1,0,8,Santiago del Estero,NOA,Santiago del Estero,63,29,10.635000000000002,13.590571748594325,6.7532848858548045,4.624532041400573,2.1287528444542314,12.111869632239594,51.446280991735534,6.254129046465537,10.360790653244177
2021,90,21987,1952,4662,84,1885,39,3149,220,217,146,40,7,14,0,2,8,Tucumán,NOA,Tucumán,167,50,10.273333333333333,12.374803840099702,9.869468322190384,7.595397280211033,2.2740710419793513,8.877973347887389,21.28475551294343,8.58848186622927,14.466853493820922
2021,94,1753,79,60,19,115,0,171,3,10,4,6,0,0,0,0,0,Tierra del Fuego,Patagonia,Tierra del Fuego,9,1,13.103333333333333,15.387881431474248,5.704506560182544,5.134055904164289,0.5704506560182544,4.50656018254421,3.4602076124567476,6.560182544209926,9.77142857142857
2022,02,24690,644,2208,2428,1771,44,2099,46,148,84,44,5,7,1,1,6,CABA,Centro,Ciudad Autónoma de Buenos Aires,110,38,5,5.986585489559851,5.994329688132847,4.455245038477116,1.539084649655731,2.608343458890239,9.918246339053095,7.185750223159945,8.517286154844992
2022,06,174074,14240,21123,19837,13486,3456,15360,3734,1370,648,392,66,102,54,40,68,Buenos Aires,Centro,Buenos Aires,910,460,6.35,9.035450016215837,7.870216114985581,5.227661799005021,2.64255431598056,8.180429012948515,13.695157452491943,7.9042070590441815,9.017259598450158
2022,10,4784,417,582,40,369,1,377,8,28,12,11,0,2,0,2,1,Catamarca,NOA,Catamarca,21,7,7,8.823151125401928,5.852842809364548,4.389632107023411,1.463210702341137,8.716555183946488,12.2681281618887,7.714823332636421,7.893634840871022
2022,14,41588,3494,4638,56,3137,16,3437,37,311,162,80,34,8,4,6,17,Córdoba,Centro,Córdoba,216,95,4,6.565918095813711,7.478118688083101,5.193805905549678,2.2843127825334233,8.401461960180821,11.167292689973996,7.545944385644184,8.27176241245698
2022,18,14405,1808,1601,3346,1228,1,1170,51,196,126,41,6,6,9,2,6,Corrientes,NEA,Corrientes,149,47,12,15.158419107344063,13.60638667129469,10.34363068379035,3.2627559875043386,12.551197500867753,14.476896645266299,8.5254096084421,8.151038038177512
2022,22,18106,2549,5040,390,1567,188,1627,183,197,96,49,12,6,10,7,17,Chaco,NEA,Chaco,125,72,11,14.310738989670133,10.88037114768585,6.903788799293052,3.9765823483927982,14.078206119518391,28.448859787762476,8.745395691483425,9.077721363611001
2022,26,6161,410,332,713,433,1,521,1,52,28,9,3,4,2,1,5,Chubut,Patagonia,Chubut,33,19,5,6.959660974393252,8.440188281123193,5.3562733322512575,3.0839149488719366,6.654763837039441,6.093979441997063,7.029220779220779,8.457792207792208
2022,30,15107,1449,2803,59,1232,1,1215,38,163,93,34,14,7,4,1,10,Entre Ríos,Centro,Entre Ríos,124,39,6,8.525775971541174,10.789700139008406,8.208115443172039,2.5815846958363675,9.59158006222281,18.627060074428496,8.155699721964782,8.062910611188533
2022,34,8484,1260,1685,2018,692,0,1028,2,128,81,24,4,8,5,4,2,Formosa,NEA,Formosa,91,37,12,15.127653354957085,15.087223008015087,10.726072607260726,4.3611504007543616,14.85148514851485,26.059387565728425,8.156529938708157,12.119783070030653
2022,38,7819,609,816,0,577,4,626,2,62,38,14,2,5,0,2,1,Jujuy,NOA,Jujuy,44,18,11,13.17540686267242,7.929402736922881,5.627318071364624,2.3020846655582554,7.788719785138765,10.436117150530759,7.383237364043506,8.008187284124345
2022,42,3499,278,279,6,266,1,294,2,24,14,7,1,1,0,0,1,La Pampa,Patagonia,La Pampa,19,5,3,4.2450715910388,6.8591026007430695,5.430122892254929,1.4289797084881395,7.945127179194056,7.987403378184942,7.604345340194396,8.407206176722905
2022,46,4391,335,586,21,362,0,484,4,47,36,6,1,2,1,0,1,La Rioja,NOA,La Rioja,38,9,8,10.573586819818383,10.703712138465042,8.654065133227055,2.0496470052379867,7.629241630608062,13.409610983981693,8.244135732179458,11.032596307271483
2022,50,21283,1594,2148,17,1565,4,1662,9,143,68,46,3,5,1,12,8,Mendoza,Cuyo,Mendoza,100,43,6,9.230967715249317,6.718977587746088,4.6985857256965655,2.0203918620495234,7.489545646760325,10.100630113796672,7.3546689224117685,7.812353107079064
2022,54,19575,2758,5632,987,1663,26,1870,21,161,69,53,1,22,0,1,15,Misiones,NEA,Misiones,101,60,9,11.073022514679815,8.224776500638571,5.159642401021712,3.0651340996168583,14.089399744572159,30.299117710350764,8.506828993810425,9.563260713920425
2022,58,7510,467,817,19,469,9,627,18,33,18,6,1,1,0,0,7,Neuquén,Patagonia,Neuquén,18,15,7,8.76516064568756,4.394141145139813,2.396804260985353,1.9973368841544608,6.218375499334221,10.90642103857963,6.252499666711104,8.368926855312333
2022,62,8066,555,829,775,564,9,726,4,66,38,20,5,1,0,0,2,Río Negro,Patagonia,Río Negro,49,17,6,8.168415815497454,8.182494421026531,6.074882221671213,2.1076121993553185,6.8807339449541285,11.370182416678096,7.00012411567581,9.005209625403126
2022,66,18719,2220,3275,218,1440,42,1819,366,167,89,34,8,10,5,11,10,Salta,NOA,Salta,101,66,14,16.857606024159388,8.921416742347349,5.395587371120252,3.525829371227095,11.859607885036594,17.70174585157559,7.71001766879049,9.91118618209557
2022,70,10421,1097,1562,5,795,3,749,5,86,44,22,8,0,2,6,4,San Juan,Cuyo,San Juan,66,20,8,11.197822916730225,8.252566932156222,6.33336532002687,1.919201612129354,10.526820842529508,14.99615975422427,7.631023229026685,7.190860215053764
2022,74,5561,482,414,254,448,13,505,12,47,27,12,4,1,0,1,2,San Luis,Cuyo,San Luis,31,16,7,9.07671474133657,8.451717317029312,5.57453695378529,2.8771803632440207,8.667505844272613,7.801017524024872,8.074981975486661,9.100738871868804
2022,78,3665,293,518,7,229,0,297,5,36,19,12,2,1,0,0,2,Santa Cruz,Patagonia,Santa Cruz,28,8,6,7.978503144391781,9.822646657571623,7.639836289222374,2.1828103683492497,7.994542974079128,14.160743575724439,6.248294679399727,8.114754098360656
2022,82,41442,4119,7601,321,3480,8,4356,54,344,177,100,18,8,13,1,27,Santa Fe,Centro,Santa Fe,239,105,5,7.367452492271371,8.30075768543989,5.76709618261667,2.5336615028232226,9.939192123932242,18.48447265387515,8.39889945455423,10.52478979414323
2022,86,11677,1249,5723,42,947,4,1271,11,105,59,14,11,8,2,1,10,Santiago del Estero,NOA,Santiago del Estero,66,39,10,12.751382176540439,8.992035625588764,5.652136678941509,3.3398989466472555,10.696240472724158,49.187795444778686,8.11273879893772,10.894908280473171
2022,90,20616,1767,4221,84,1810,70,2702,163,226,153,40,7,12,2,1,11,Tucumán,NOA,Tucumán,172,54,10,11.99505365774021,10.962359332557236,8.343034536282499,2.619324796274738,8.571012805587893,20.55815312682642,8.809500632726564,13.210775925292134
2022,94,1547,75,115,9,106,1,137,2,6,2,2,0,1,0,1,0,Tierra del Fuego,Patagonia,Tierra del Fuego,4,2,13,15.46405129813255,3.878474466709761,2.585649644473174,1.292824822236587,4.848093083387202,7.477243172951886,6.85640362225097,8.867313915857606
2023,02,23988,619,2497,1659,1563,67,1876,66,131,68,47,3,2,1,1,9,CABA,Centro,Ciudad Autónoma de Buenos Aires,97,34,5,5.986585489559851,5.461063865265966,4.043688510922127,1.4173753543438385,2.580456895114224,11.182766805499575,6.534007775594667,7.842153666081432
2023,06,162380,13452,18345,14304,11903,2941,15058,2692,1232,604,357,57,70,30,44,70,Buenos Aires,Centro,Buenos Aires,808,424,6.35,9.035450016215837,7.587141273555856,4.975982263825594,2.611159009730262,8.28427146200271,12.388908398390015,7.465551088504068,9.429637793697712
2023,10,4248,354,425,10,319,1,383,1,37,16,16,1,1,0,2,1,Catamarca,NOA,Catamarca,22,15,7,8.823151125401928,8.709981167608287,5.178907721280603,3.5310734463276834,8.333333333333332,10.02831524303917,7.511184365434424,9.018130445020015
2023,14,38126,3132,4085,40,2981,13,3248,9,285,164,69,25,6,0,10,11,Córdoba,Centro,Córdoba,210,75,4,6.565918095813711,7.475213764884856,5.508052247809894,1.9671615170749621,8.214866495305042,10.725725988552224,7.82147823577257,8.521132303171813
2023,18,14253,1596,2261,3160,1231,1,1279,4,166,102,39,10,9,0,2,4,Corrientes,NEA,Corrientes,119,47,12,15.158419107344063,11.646670876306741,8.349119483617484,3.2975513926892583,11.197642601557567,20.38222302352835,8.63738422677519,8.97606849603481
2023,22,16769,2194,3744,159,1554,145,1465,102,159,66,43,10,9,10,8,13,Chaco,NEA,Chaco,92,67,11,14.310738989670133,9.481781859383386,5.486314031844475,3.9954678275389113,13.08366628898563,22.540638169777242,9.347930702598653,8.789824203515929
2023,26,5434,332,272,599,363,0,459,0,28,18,3,0,1,3,1,2,Chubut,Patagonia,Chubut,20,8,5,6.959660974393252,5.152741994847258,3.68052999631947,1.472211998527788,6.10967979389032,5.62564632885212,6.680161943319838,8.446816341553182
2023,30,14073,1288,2716,55,1196,2,1227,28,133,82,37,6,1,1,1,5,Entre Ríos,Centro,Entre Ríos,106,27,6,8.525775971541174,9.450721239252468,7.5321537696297876,1.9185674696226818,9.152277410644496,19.375089171065774,8.499751261459739,8.73620505517978
2023,34,8250,1185,1413,2892,675,1,1046,0,84,52,18,3,3,3,3,2,Formosa,NEA,Formosa,62,22,12,15.127653354957085,10.181818181818182,7.515151515151516,2.6666666666666665,14.363636363636365,26.37178051511758,8.182810037580312,12.678787878787878
2023,38,7365,481,670,2,504,0,634,0,53,27,20,2,0,1,2,1,Jujuy,NOA,Jujuy,40,13,11,13.17540686267242,7.196198234894773,5.431093007467752,1.7651052274270196,6.530889341479973,9.099551813119652,6.843177189409369,8.608282416836389
2023,42,3238,215,312,20,276,0,321,0,29,21,5,2,0,0,0,1,La Pampa,Patagonia,La Pampa,20,9,3,4.2450715910388,8.956145768993206,6.176652254478073,2.7794935145151327,6.639901173563928,9.695463020509633,8.523780111179741,9.913526868437307
2023,46,4184,309,526,13,312,1,456,1,43,27,11,1,1,0,0,3,La Rioja,NOA,La Rioja,25,18,8,10.573586819818383,10.277246653919695,5.975143403441683,4.3021032504780115,7.385277246653919,12.610884679932871,7.458761654315086,10.90126703322974
2023,50,20036,1549,2021,22,1488,0,1621,4,117,59,50,0,2,2,2,2,Mendoza,Cuyo,Mendoza,86,31,6,9.230967715249317,5.839488919944101,4.292273906967459,1.5472150129766422,7.731084048712318,10.09793144798641,7.426632062287881,8.092052715654951
2023,54,18932,2667,5555,1323,1598,34,1665,6,166,78,46,3,24,4,1,10,Misiones,NEA,Misiones,101,65,9,11.073022514679815,8.768223114303824,5.334882738221002,3.433340376082823,14.087259666173674,31.54636833437447,8.455921261509154,8.79742153651062
2023,58,6891,451,616,61,478,0,637,20,48,24,18,4,0,0,2,0,Neuquén,Patagonia,Neuquén,36,12,7,8.76516064568756,6.965607313887679,5.22420548541576,1.7414018284719197,6.544768538673633,9.019033674963396,6.936583950079814,9.270848493669044
2023,62,7375,509,797,435,523,2,772,4,52,29,15,3,1,1,1,2,Río Negro,Patagonia,Río Negro,38,14,6,8.168415815497454,7.0508474576271185,5.1525423728813555,1.8983050847457628,6.901694915254238,11.48414985590778,7.093449070934491,10.473477140143807
2023,66,16974,1922,2657,259,1362,37,1735,285,166,71,55,3,11,13,9,4,Salta,NOA,Salta,113,53,14,16.857606024159388,9.779663014021445,6.657240485448333,3.1224225285731118,11.323200188523625,15.89590188453485,8.041565802680523,10.396069267181977
2023,70,9795,1014,1313,1,825,1,763,1,87,41,31,2,3,3,2,5,San Juan,Cuyo,San Juan,70,17,8,11.197822916730225,8.882082695252679,7.1465033180193975,1.7355793772332824,10.352220520673812,13.406167041045538,8.423524606902184,7.790483969777415
2023,74,4963,366,295,245,460,23,520,21,30,13,11,1,1,0,4,0,San Luis,Cuyo,San Luis,20,10,7,9.07671474133657,6.044731009470079,4.029820672980053,2.0149103364900265,7.374571831553496,6.252649427723611,9.31174089068826,10.522055847834885
2023,78,3139,252,414,4,219,0,307,0,36,23,8,2,1,0,1,1,Santa Cruz,Patagonia,Santa Cruz,25,11,6,7.978503144391781,11.468620579802485,7.96431984708506,3.504300732717426,8.028034405861739,13.205741626794259,6.976744186046512,9.780184772220453
2023,82,37635,3593,5858,142,3307,2,4042,2,322,165,92,21,15,10,2,17,Santa Fe,Centro,Santa Fe,221,101,5,7.367452492271371,8.555865550684205,5.872193436960276,2.6836721137239272,9.54696426199017,15.624249859973864,8.78750033215529,10.740573432891345
2023,86,11871,1340,4721,6,865,1,1288,2,98,58,28,0,4,3,1,4,Santiago del Estero,NOA,Santiago del Estero,60,38,10,12.751382176540439,8.255412349422963,5.054334091483447,3.2010782579395167,11.288012804313032,39.78929624947324,7.2872788542544225,10.851798803606034
2023,90,18537,1628,4068,11,1539,44,2328,7,164,103,38,3,7,1,3,9,Tucumán,NOA,Tucumán,119,45,10,11.99505365774021,8.84717052381723,6.419593245940551,2.427577277876679,8.78243512974052,21.9583288351506,8.32206780944141,12.563410685375068
2023,94,1440,66,103,6,103,0,130,2,12,9,1,0,1,0,1,0,Tierra del Fuego,Patagonia,Tierra del Fuego,8,4,13,15.46405129813255,8.333333333333334,5.555555555555555,2.7777777777777777,4.583333333333333,7.182705718270571,7.152777777777778,9.040333796940194
2024,02,21454,504,1760,7088,1489,46,1713,49,106,58,33,0,1,1,2,11,CABA,Centro,Ciudad Autónoma de Buenos Aires,71,35,5,5.986585489559851,4.9408035797520276,3.309406171343339,1.6313974084086884,2.3492122681085115,12.251148545176111,6.955343796711509,8.002803083391731
2024,06,147081,11966,13675,13435,11247,1310,13943,1305,1236,686,334,48,51,28,42,47,Buenos Aires,Centro,Buenos Aires,874,362,6.35,9.035450016215837,8.403532747261712,5.942303900571794,2.4612288466899193,8.135653143505959,10.232255361178037,7.715526407858903,9.564674569202063
2024,10,3866,324,329,34,360,0,364,0,31,12,12,2,0,0,4,1,Catamarca,NOA,Catamarca,22,9,7,8.823151125401928,8.01862390067253,5.690636316606311,2.3279875840662183,8.380755302638386,8.585594989561587,9.311950336264873,9.4154164511122609
2024,14,33873,2612,3329,76,2794,59,2976,67,231,119,74,12,10,3,3,10,Córdoba,Centro,Córdoba,160,71,4,6.565918095813711,6.819590824550527,4.723526112242789,2.096064712307738,7.711156378236353,9.849986685208746,8.26284970722186,8.803171034727564
2024,18,12538,1425,1260,3032,1083,0,1145,0,175,111,42,4,10,3,1,4,Corrientes,NEA,Corrientes,135,40,12,15.158419107344063,13.95756899026958,10.76726750677939,3.1903014834901895,11.365449034933802,13.25478645066274,8.637741266549689,9.132237996490668
2024,22,14350,1754,2874,322,1409,53,1207,49,170,78,49,11,5,6,7,14,Chaco,NEA,Chaco,105,65,11,14.310738989670133,11.846689895470384,7.317073170731708,4.529616724738676,12.222996515679442,20.487596236099233,9.855214380639294,8.439969232920774
2024,26,5054,318,249,613,336,0,480,2,27,14,7,0,0,1,4,1,Chubut,Patagonia,Chubut,18,9,5,6.959660974393252,5.342303126236644,3.561535417491096,1.780767708745548,6.29204590423427,5.606845305111461,6.64819944598338,9.501187648456057
2024,30,12548,1126,1998,52,1085,2,1105,143,111,76,21,9,0,1,1,3,Entre Ríos,Centro,Entre Ríos,90,21,6,8.525775971541174,8.846031240038254,7.172457762193178,1.673573477845075,8.973541600255022,15.989116517285531,8.648174717041288,8.907698508665861
2024,34,6711,966,1152,1812,579,0,898,5,72,42,16,2,6,3,2,1,Formosa,NEA,Formosa,49,23,12,15.127653354957085,10.728654447921324,7.301445388168678,3.4272090597526446,14.394278050961109,23.515003061849356,8.627626285203398,13.390993140471219
2024,38,6352,440,500,2,456,1,546,2,38,17,14,3,1,1,1,1,Jujuy,NOA,Jujuy,25,13,11,13.17540686267242,5.982367758186398,3.9357682619647356,2.0465994962216625,6.926952141057935,7.874015748031496,7.179971658006614,8.598425196850394
2024,42,3039,234,403,141,248,0,316,0,20,11,2,4,2,0,0,1,La Pampa,Patagonia,La Pampa,13,7,3,4.2450715910388,6.581112207963146,4.277722935176045,2.303389272787101,7.699901283316881,13.906142167011732,8.1605791378743,10.398157288581771
2024,46,3503,246,389,4,304,1,403,7,41,27,13,0,0,0,0,1,La Rioja,NOA,La Rioja,31,10,8,10.573586819818383,11.704253497002568,8.849557522123893,2.8546959748786755,7.022552098201541,11.117462132037726,8.680753854940034,11.52745995423341
2024,50,18505,1555,1534,20,1546,3,1526,9,141,79,46,3,3,0,9,1,Mendoza,Cuyo,Mendoza,105,36,6,9.230967715249317,7.619562280464739,5.674142123750338,1.9454201567144014,8.403134288030262,8.29862050311063,8.355853421251757,8.250432525951556
2024,54,16469,2098,4718,1151,1457,9,1615,4,156,67,50,6,15,8,2,8,Misiones,NEA,Misiones,90,66,9,11.073022514679815,9.472341975833384,5.464812678365414,4.00752929746797,12.739085554678486,30.800365582974276,8.85176184690158,9.808685089583966
2024,58,6790,449,547,90,487,7,627,7,48,25,18,3,2,0,0,0,Neuquén,Patagonia,Neuquén,34,14,7,8.76516064568756,7.069219440353461,5.007363770250369,2.061855670103093,6.612665684830634,8.164179104477611,7.179713990859502,9.243697478991598
2024,62,6721,459,707,196,564,1,718,1,56,41,11,2,0,1,1,0,Río Negro,Patagonia,Río Negro,47,9,6,8.168415815497454,8.332093438476416,6.993006993006993,1.339086445469424,6.829340871894063,10.835249042145593,8.392857142857142,10.684523809523808
2024,66,14410,1609,2007,236,1236,34,1627,236,145,78,30,4,5,13,9,6,Salta,NOA,Salta,90,55,14,16.857606024159388,10.062456627342124,6.2456627342123525,3.8167938931297707,11.165857043719638,14.159729081416678,8.597662771285476,11.478763933963595
2024,70,8701,955,1133,8,765,5,660,8,80,38,27,5,0,1,1,8,San Juan,Cuyo,San Juan,61,19,8,11.197822916730225,9.194345477531318,7.01068842661763,2.183657050913688,10.97574991380301,13.033475209939033,8.797148114075437,7.592315656275164
2024,74,4410,319,272,123,411,8,479,6,28,13,11,0,0,0,3,1,San Luis,Cuyo,San Luis,21,7,7,9.07671474133657,6.349206349206349,4.761904761904763,1.5873015873015872,7.233560090702948,6.344763237695358,9.336665152203544,10.876475930971843
2024,78,2696,183,291,13,189,0,268,0,19,12,4,2,0,0,1,0,Santa Cruz,Patagonia,Santa Cruz,14,5,6,7.978503144391781,7.0474777448071215,5.192878338278931,1.8545994065281899,6.787833827893175,10.846067834513603,7.010385756676558,9.940652818991099
2024,82,33713,2987,4656,320,3027,8,3666,19,275,159,64,13,12,6,5,16,Santa Fe,Centro,Santa Fe,198,77,5,7.367452492271371,8.157090736511137,5.873105330288019,2.2839854062231186,8.860083647257735,13.943041954900728,8.980863373386738,10.880275419956076
2024,86,11401,1288,3959,21,848,0,1183,5,122,80,25,1,5,3,1,7,Santiago del Estero,NOA,Santiago del Estero,86,36,10,12.751382176540439,10.70081571791948,7.543197965090782,3.157617752828699,11.297254626787124,34.789103690685415,7.437944039996491,10.38083538083538
2024,90,16661,1364,2674,32,1524,24,2366,13,170,103,39,6,9,5,1,7,Tucumán,NOA,Tucumán,128,42,10,11.99505365774021,10.203469179521036,7.682612088109957,2.5208570914110795,8.186783506392173,16.080341571952612,9.16030534351145,14.21191734742912
2024,94,1259,49,39,10,83,1,113,1,7,5,2,0,0,0,0,0,Tierra del Fuego,Patagonia,Tierra del Fuego,6,1,13,15.46405129813255,5.559968228752979,4.765687053216839,0.7942811755361397,3.8919777601270846,3.122497998398719,6.597774244833069,8.982511923688394
